"sens.pet.cov","sens.precip.cov"
0.257700550645798,0.0177487104633919
0.257640647774618,0.01773447803376
0.257487139701547,0.0176797401735556
0.257638161386712,0.0178142460980953
0.257716825477431,0.0176116248864747
0.25763665950847,0.0177096088112085
0.257731627887052,0.0176277006515731
0.257651545875653,0.0176039512768092
0.257590832932934,0.0174842655096847
0.257592847826767,0.0175738293741134
0.257651253753837,0.0177602145875183
0.257678586986427,0.01768614016028
0.257609142000011,0.0177147623388408
0.257661890474783,0.0176903323387111
0.257653321022473,0.0177194184209949
0.257662398001852,0.0175758879390703
0.257675311006625,0.0175417105994081
0.257612758328983,0.0176472195451668
0.257615856717857,0.0177052752777076
0.257619895437875,0.0176506106766922
0.257668283484708,0.017550992043489
0.257591508355569,0.0177240899294964
0.257546790388857,0.0175057328402854
0.257600264063693,0.0174137118192229
0.257632550815436,0.0176033250954036
0.257678983261926,0.017519660338606
0.257619186867079,0.0175611403728213
0.257705151234934,0.0176149063579219
0.257608788808114,0.0176832966650486
0.257743526194386,0.0176936711006431
0.257664118792052,0.0176536659031428
0.257664254510404,0.0176726510725297
0.257671243179665,0.0177053260061535
0.257579727594846,0.0176433811103441
0.257636093116909,0.0175847890992871
0.257690641284142,0.0176436730552587
0.257721521816213,0.0175484482745304
0.257621882463881,0.0178146057867562
0.257583634188245,0.0176351860952194
0.257614502633034,0.0176255561528541
0.257593374101499,0.0176677424031387
0.257717057450869,0.0175095772715394
0.257686224011338,0.017685315295483
0.257590047566995,0.0177905319034699
0.2576419764931,0.0175418262161536
0.257690676859119,0.0175997025267569
0.257687122542648,0.0177158157300873
0.257667706515644,0.0177033081526697
0.257606202385409,0.017760086959521
0.257643376589917,0.0176702211511483
0.257668969042032,0.0176160590846642
0.257674780909852,0.0178667879621509
0.257716373305567,0.017609479883348
0.257697259462327,0.0176422143808123
0.257656711160418,0.0177190350871116
0.257587958186811,0.0175559097808717
0.257606075115876,0.0176428374151798
0.257624141695181,0.0178015361349314
0.257722355119037,0.017490910964348
0.25764401833297,0.0177986495520697
0.25760653753898,0.0175573841142636
0.257703163218998,0.017492617320122
0.257698860340334,0.0177618992048359
0.257615565730919,0.0177183355481209
0.257714891016626,0.0176070242544922
0.257595067391544,0.0176375614115234
0.257643886501602,0.0176576413384044
0.257593259186122,0.0176680608414634
0.257710517069834,0.0177160362150254
0.257735575753548,0.0177015871268688
0.257730322459162,0.0177123991844767
0.257655180961693,0.0175578152656038
0.257574057818815,0.0177285773660826
0.257604396008985,0.0178371910395353
0.257655644937242,0.0177083255046547
0.257577869873372,0.0177085502497803
0.257605334228006,0.0177315092670829
0.257686953295437,0.0175275483896291
0.257673938474708,0.0174865095012536
0.257695441099231,0.0176101189495728
0.257683614507451,0.0177423106601402
0.257686707385123,0.0175710506941085
0.257594188709843,0.017522063679956
0.257696318894471,0.0177298544801494
0.257554472209925,0.0176163568640417
0.257580250241535,0.0177424708027031
0.257730503569796,0.0177335671575208
0.257607979916472,0.0177124556412426
0.257661568912378,0.0177007382283707
0.257547653138,0.0176197808437884
0.25768703777217,0.0176690100464503
0.257637741933293,0.0177385315969
0.257733302482182,0.0177324449342353
0.257691949225135,0.0176822783180059
0.257701789135749,0.0177640543457215
0.25763982295496,0.0177026245000474
0.257645227757614,0.0175421398547937
0.257601362422418,0.0175879589156237
0.257620576934843,0.0176777516124331
0.257673744148337,0.0177509376148886
