"","id","Month","Year","sum_prcp","mean_tavg","mean_tmin","mean_tmax","min_tmin","max_tmax","SPEI"
"1","USS0009J01S",1,1986,-1.16051676722801,2.68602346319084,3.81650325190949,-0.366975435949091,4.37197590836222,-3.16441672008644,NA
"2","USS0009J01S",2,1986,1.52322326720919,2.07513872104303,4.01569846393426,-1.41581812355066,4.42703385069216,-3.42944275004186,NA
"3","USS0009J01S",3,1986,0.726978583242466,1.46425397889522,3.38601108694356,-2.46466081115222,4.15640001892771,-3.69446877999728,NA
"4","USS0009J01S",4,1986,1.47327742805457,1.37315821851954,2.93493961135379,-1.00035865865916,3.28065836036603,-2.16212263417159,NA
"5","USS0009J01S",5,1986,-0.441821882650811,0.549406874057748,0.921553802468746,-0.964154316244055,0.306558846528066,-1.33944840240652,NA
"6","USS0009J01S",6,1986,-0.601763945153112,0.580081955620357,0.274046072556803,0.879402958725411,0.753310958723496,0.637543627524362,NA
"7","USS0009J01S",7,1986,-0.537204072132934,-1.21986665680413,-0.989488135862245,-1.27100075389026,-0.460782747343821,-0.13874582298157,NA
"8","USS0009J01S",8,1986,0.0358402003860644,-1.05026308138483,-0.582712863522799,-0.947369741784946,0.334466127926354,-0.197461083204033,NA
"9","USS0009J01S",9,1986,1.54061110982094,-2.51100454297073,-1.73121196114451,-2.45051143018999,-1.09831749257471,-1.09118105415489,NA
"10","USS0009J01S",10,1986,0.216935959579206,-1.24716207182566,-0.533203543332169,-1.2773080295731,0.203899079699896,-0.938995472455906,NA
"11","USS0009J01S",11,1986,-0.571945907868053,-0.180218591121418,-0.0982152078506501,-0.43404291674435,0.0311608572981221,-1.5283442800088,NA
"12","USS0009J01S",12,1986,-1.19194358292718,0.8334453803217,-0.376157131085807,-0.873536126454298,-0.118683179816028,-2.26529980564825,0.552259511236761
"13","USS0009J01S",1,1987,0.426012484172305,-0.515539977625128,-0.468674600485251,-0.634959317606532,-0.574289852521361,0.633843713279833,0.966420577258742
"14","USS0009J01S",2,1987,0.2508648101544,-0.268886130030011,-0.122822908832809,-0.630781351817576,0.0845419065437447,0.383742957862752,0.710929265599258
"15","USS0009J01S",3,1987,0.385416466776055,1.62959625114128,-1.57757794505521,-1.24239346911104,-0.747142351580528,-2.75797985734074,0.501449314762308
"16","USS0009J01S",4,1987,-1.3517700113078,0.620184940523888,-0.19538136124926,1.40654076042325,-0.272895161175623,0.941209075879933,-0.373930628312734
"17","USS0009J01S",5,1987,-0.0933464510872259,-0.0411832749767219,0.34415498251235,-0.0330136458877381,1.59272302970597,0.0125081272321024,-0.140957938549965
"18","USS0009J01S",6,1987,-0.058283909023126,-0.0629050324266698,-0.261882457556141,0.149465720539038,0.165294850655156,-0.772616429965963,0.113429720234517
"19","USS0009J01S",7,1987,1.16615859987867,-1.52903779559194,-1.31808550679627,-1.53377312329695,-1.51238509097512,-0.68964835540839,0.532376559542952
"20","USS0009J01S",8,1987,1.37614991641095,-1.089642879473,-2.13138366484445,-1.01335739934258,-1.24889322644422,-0.345767961054407,0.776247101813294
"21","USS0009J01S",9,1987,-1.11059817136406,-1.24170298882135,-1.16729324842864,-1.27604657443653,-0.193502786585505,-0.778945542561039,0.130351753811535
"22","USS0009J01S",10,1987,-0.379140054712502,0.478836016747724,0.0613662225724199,0.776165194720169,0.99083488528865,0.879142834103882,-0.114857428331936
"23","USS0009J01S",11,1987,0.236902426327929,-0.640641514991134,-0.169267784838652,-0.885643601561692,-0.241296894975204,-0.400683179604077,-0.0855480061916298
"24","USS0009J01S",12,1987,-0.132287350750382,-1.0663457351233,-0.753693425502552,-1.68493965427139,-0.413017465759775,-0.191389726774749,-0.0126069547706875
"25","USS0009J01S",1,1988,-0.135883292365304,-1.27918276921953,-1.18287090921771,-1.41086613775424,-0.324298081213166,-0.206479391447218,-0.0324895695482787
"26","USS0009J01S",2,1988,-1.71165171906041,-0.101132427908822,-0.252965988347642,0.552994530553403,-0.145017138961898,0.383742957862752,-0.454816096476753
"27","USS0009J01S",3,1988,-0.0406907280236254,-1.65802647517183,-1.03516791157102,-1.43614811825002,-0.392418009884187,-0.35794161190285,-0.274432355757535
"28","USS0009J01S",4,1988,0.5522912665042,-0.0153066921491002,-0.146601507296821,-0.013787446778799,0.0709971151026014,-0.179195073596364,0.336158650620595
"29","USS0009J01S",5,1988,0.54784834298977,-0.187975146180878,-0.828261709202391,0.0415538554417084,-1.08678568524799,0.387751944195161,0.494813942533097
"30","USS0009J01S",6,1988,-0.51538301225828,0.618661174903179,0.703273899841831,0.840730787165867,-0.212715504531635,1.62987848279533,0.396329701350997
"31","USS0009J01S",7,1988,-1.34893787830732,0.23494477540604,-0.365544318433945,0.910009912185323,-0.329332454389909,0.53457949442899,-0.248038639850593
"32","USS0009J01S",8,1988,-0.493229424360601,-0.06087324324511,-0.942151655537945,0.668729808387097,0.181237803309847,0.777340713142223,-0.859908272771059
"33","USS0009J01S",9,1988,-0.817826594300684,-0.873043420854542,-1.1335375508365,-0.693558001807113,-0.729689279023553,1.45271694559175,-0.896055293857267
"34","USS0009J01S",10,1988,-1.24345027543548,1.57489620705086,0.311170684864493,2.39934154140637,1.49853540502333,0.96737222247273,-1.26443216970548
"35","USS0009J01S",11,1988,-0.00207549059361113,-0.749807398281519,-0.84744407635885,-0.896266154660736,-0.266065781545506,-0.13967100125664,-1.38128432951886
"36","USS0009J01S",12,1988,1.13011899083208,-0.994924420487605,-1.05242101530198,-0.364135911112563,-1.29602032359102,0.760192839993159,-1.32153075233818
"37","USS0009J01S",1,1989,-0.510480476723711,-1.4596366996276,-1.15721116159858,-0.963706986383974,-0.895707844203326,0.364940319767177,-1.35823084267269
"38","USS0009J01S",2,1989,0.435935131180552,-1.85842926793145,-1.22214999684647,-1.48514340977877,-1.25455252557251,0.579103009138334,-0.961979281405458
"39","USS0009J01S",3,1989,-0.392398253890029,0.168279302235219,0.0346248653714806,0.329788769563198,-0.601079387352623,0.877809191095086,-0.974377907886887
"40","USS0009J01S",4,1989,-1.02321595929405,0.908373006503499,0.1191645935475,1.00604123688081,-0.456304375190677,1.42834131478267,-1.55360643440312
"41","USS0009J01S",5,1989,-1.15271176304052,0.00774734875799684,-0.772030692813194,0.219368666304233,0.270832063662013,-0.237654417409937,-1.82511563313766
"42","USS0009J01S",6,1989,-0.51538301225828,-1.09535842466218,-1.2973642781816,-0.793168461224819,-0.464722407989495,0.428631026414683,-1.7307378889651
"43","USS0009J01S",7,1989,-0.537204072132934,0.885531895677339,-0.00760789652366683,1.41803649303827,-0.548416275979763,1.82001873675824,-1.57840294283938
"44","USS0009J01S",8,1989,-0.719553652724453,-1.09286335192813,-1.68609797619147,-0.649847670133565,-2.01503484952675,-0.0518227142094804,-1.40631441401615
"45","USS0009J01S",9,1989,-0.290373038797622,-0.578520443060781,-1.14512038824557,0.0996189557730505,0.00756714807876274,-0.203774775173504,-1.39924034977469
"46","USS0009J01S",10,1989,-0.653760789868325,-0.840074585691733,-1.1668390503636,-0.187540805262537,-1.44612760943781,0.0850783387842467,-1.020131216854
"47","USS0009J01S",11,1989,-0.576541637039621,0.377216520720847,0.267886205782444,0.855987724745826,-0.439447987537622,0.923092894784074,-1.209069151304
"48","USS0009J01S",12,1989,-0.526311148274606,0.385292484847207,0.286261980697595,0.555158028417515,0.469985392071467,0.459693082066451,-1.57837735328356
"49","USS0009J01S",1,1990,0.0477427783986204,-0.648191542362184,-0.590130739215801,-0.530570247426017,-0.199302195559068,0.499392016523505,-1.50745761328013
"50","USS0009J01S",2,1990,1.22633962722974,-1.01019772797508,-0.724243848697159,-0.873878184804474,-0.871954116396434,0.188382906587169,-1.36618590516031
"51","USS0009J01S",3,1990,0.639051701775865,0.0681836971273323,0.267097042071866,0.114706712714153,0.692621152951678,0.290827559671066,-1.12012710439404
"52","USS0009J01S",4,1990,-0.0375538032527788,0.605406065345446,0.561547406978238,1.02462111168433,0.162701722110128,0.210510717525826,-0.878594090227586
"53","USS0009J01S",5,1990,-0.659270551946487,-1.25221621241101,-1.77013123372143,-0.837960262803039,-1.22969281671221,-0.404429447171296,-0.562083996461681
"54","USS0009J01S",6,1990,0.76953336455235,0.278796624078321,-0.514084118785762,0.552300840950944,-3.19479719544965,1.42096588168565,-0.30236704717759
"55","USS0009J01S",7,1990,0.105152207556245,-0.533241182931792,-0.543534561023209,-0.17436406556631,-0.416965983025851,0.289733924461513,0.0102844190456566
"56","USS0009J01S",8,1990,-0.713675101338379,-0.288561605332767,-1.35876159510392,0.640255543900769,-0.278447170539674,1.50285871207497,-0.0562546716096405
"57","USS0009J01S",9,1990,0.125548487347965,0.974184027588786,0.858710483523556,1.2760909235805,0.912381854067969,2.16264196877686,0.0412534329368106
"58","USS0009J01S",10,1990,-0.704853019664757,-1.0265412570711,-1.28038653322364,-0.405605666572492,-0.989197141676603,-0.356068603059995,-0.0164941287175901
"59","USS0009J01S",11,1990,1.05034648969548,-0.563647715012921,-0.370382706143674,-0.230732648280766,-0.0926835755533897,0.726977920800644,0.162029528835851
"60","USS0009J01S",12,1990,0.453010134892398,-2.88758925833353,-2.7313659183993,-1.95927440697701,-3.09145946784788,1.71177540676107,0.26741876593956
"61","USS0009J01S",1,1991,-0.51415299813899,-1.17999286045218,-0.99469942667742,-0.987077673737821,-0.181445640465625,-1.58460928319958,0.224259016893811
"62","USS0009J01S",2,1991,-0.928958486387315,0.650625371267232,0.209459572572451,1.44787272734575,0.601049758931441,0.774463060413917,-0.249070775485322
"63","USS0009J01S",3,1991,0.300871388442785,-1.64046584269676,-1.4201670820341,-1.37307894368526,-0.496748698618405,-1.25386094407635,-0.220919651760079
"64","USS0009J01S",4,1991,0.0917981857290148,-1.9464130487988,-1.29376910714383,-1.5683036386729,-0.181190554168097,-1.10474632751157,-0.100287991648191
"65","USS0009J01S",5,1991,-0.444609686103319,-1.0809590293395,-1.16845935835703,-0.727065004415657,-1.51550707964063,-1.19661083853775,-0.0272903453673977
"66","USS0009J01S",6,1991,-0.605363150690397,-0.612199630786845,-1.00878737735156,-0.369385914551494,0.417301754113016,-1.55603868412725,-0.157346694823516
"67","USS0009J01S",7,1991,-0.297518893144434,-0.65273677645101,-0.746951981125225,-0.24618851320414,0.0212016601538568,-0.567225570424652,-0.182186857849751
"68","USS0009J01S",8,1991,1.74355937804058,-0.770551254946899,-0.20361585358008,-0.0256041794717906,0.640922777159368,-0.518227142094815,0.363427073721913
"69","USS0009J01S",9,1991,1.60102429238957,-0.451927233307322,-0.093398751502004,-0.16181925929527,0.0410788038561406,0.446989829412847,0.84924486882618
"70","USS0009J01S",10,1991,-0.274826752211453,-0.171523349282767,-1.1725164245066,0.443792139981608,-2.61383880482758,0.658569363181761,0.907350136891581
"71","USS0009J01S",11,1991,0.122009197038727,-0.706856182972398,-0.48960652176761,-1.20050463679291,-1.35589679063881,-0.743884384075078,0.826368676734192
"72","USS0009J01S",12,1991,-1.19576905668955,-0.243215083946912,-0.320778041354718,1.35272727634974,1.55902225006333,-0.842472535615948,0.44984231373103
"73","USS0009J01S",1,1992,-0.231368849162545,-0.282503444978949,-0.31471611477047,0.290519901605793,-0.0207366446246431,0.633843713279833,0.584453886804975
"74","USS0009J01S",2,1992,-0.242656045915337,0.702364791481899,0.32971520474071,0.704368170684174,0.486270236178619,0.461886978372985,0.753714818722011
"75","USS0009J01S",3,1992,0.0404725471763137,0.206912693680368,0.223968719697586,0.698500867018705,0.233566122521119,-0.296154071752953,0.708200097741917
"76","USS0009J01S",4,1992,-1.15515498805548,1.63007474438406,0.882821617492575,1.98871017093339,1.33193546145609,1.86676032979514,0.0145401563439487
"77","USS0009J01S",5,1992,-0.0180757578694915,1.02305779125341,0.864291884112415,1.2766975954115,1.27118198391149,-0.195960659969597,-0.00449586404103732
"78","USS0009J01S",6,1992,-0.148264047455243,-0.571783305823889,-0.468008815291889,-0.475734386340238,0.291298302384086,-0.354791227746609,0.168763810207559
"79","USS0009J01S",7,1992,0.277725536427965,-1.93684021791943,-1.7210084735368,-1.67216657118448,-1.64383538392903,-0.444802785440915,0.418860359701155
"80","USS0009J01S",8,1992,-0.64313248470549,-0.522163950851274,-0.90427802466831,0.232854528942557,-2.52579593158177,0.725517998932742,-0.179145696492212
"81","USS0009J01S",9,1992,-0.999066142006582,-0.550718959392079,-1.00245178402074,-0.2380648897565,-0.562131000136663,-0.144755580799988,-0.929154735587615
"82","USS0009J01S",10,1992,-0.704853019664757,0.362862843084944,0.00837739723773783,0.661857001291563,0.22928410568663,1.40851916431697,-1.12171683386194
"83","USS0009J01S",11,1992,1.52830232353856,-1.50605182674625,-1.23385215869278,-1.50457043653048,-0.389910214397018,0.285719229337927,-1.01800737103223
"84","USS0009J01S",12,1992,0.361198764595491,-1.96982536526485,-1.74572461943541,-1.96109119341877,-0.530751180137274,-2.14463815329835,-0.924272394027399
"85","USS0009J01S",1,1993,2.00519669274206,-0.825060295344925,-0.614079836993656,-1.09458283556551,-0.502863632147591,-0.744286178472532,-0.344653476478807
"86","USS0009J01S",2,1993,1.11838193996448,-1.51806745252878,-1.25320443436098,-1.07469730770669,-0.565875389055577,-1.41356951387261,-0.0294355593606031
"87","USS0009J01S",3,1993,-0.39916186015669,0.291203729560693,0.146127357363521,0.611174317621348,-0.204622770162595,0.0436773990714788,-0.0333132561324036
"88","USS0009J01S",4,1993,-0.503220963587236,-1.04490166291386,-0.674769581126675,-0.895299284678909,0.460741694884589,-0.374047969157459,0.371582319963737
"89","USS0009J01S",5,1993,0.899111578005863,-0.479112357402455,-0.617395397742905,0.360855720108822,-1.01533211951589,-0.195960659969597,0.6882667453226
"90","USS0009J01S",6,1993,-0.144664841917958,-1.37276138236247,-1.45256530047676,-1.09126645032963,-1.01073736548153,-0.511475678578866,0.757433841161508
"91","USS0009J01S",7,1993,-0.866371717943807,-1.62387556822624,-2.40558632964936,-1.06253467416094,-1.9943694984728,-0.567225570424652,0.528136428533017
"92","USS0009J01S",8,1993,0.106382817018953,-2.14259541090369,-1.46697196901716,-1.6245436467809,-0.891360469005702,-0.414581713675853,0.674200723312543
"93","USS0009J01S",9,1993,-0.994418974116687,-0.830582422364819,-1.06056567515936,-0.504018073447467,-0.863735902133065,0.366039605269348,0.766382509180398
"94","USS0009J01S",10,1993,0.591612311419708,-0.837179451833902,1.62236024319072,-0.561802997894325,-1.11612227161027,0.0260725316978611,1.19168387222337
"95","USS0009J01S",11,1993,-0.355946636804353,-1.53992909873667,-1.53251383823557,-1.28146890299522,-0.488985760678228,-1.62640176700051,1.05424069428901
"96","USS0009J01S",12,1993,-0.805570732927697,-1.09122841935997,-0.804206646938304,-0.994616954385978,0.793753106609589,-0.521651090397718,0.899901265311219
"97","USS0009J01S",1,1994,-0.973218175048802,-1.10556024206482,-0.243617230742463,-1.00475349112002,-0.485007077054148,-0.794619443446816,0.20210919849565
"98","USS0009J01S",2,1994,1.71600485161143,-1.01333020929835,-1.14347875514305,-0.882899260749707,-0.565875389055577,-0.926572883145894,0.352381235488073
"99","USS0009J01S",3,1994,-0.476943332223299,-0.715187607725867,-0.148153617760559,-0.418509878044189,0.421361362242712,-0.536837384480143,0.402997880993547
"100","USS0009J01S",4,1994,0.153887140440275,-0.824727825129376,-0.209359892524573,-0.417846600997012,-0.181190554168097,-0.49027528450141,0.53578434075819
"101","USS0009J01S",5,1994,-0.656482748493978,1.01327166650647,-0.0494621322120234,1.64379914041801,0.699553458054647,0.971464548359919,-0.0573617348465255
"102","USS0009J01S",6,1994,-0.875303565986748,0.862996230361049,-0.0242308921666909,1.25162260998601,-0.212715504531635,1.62987848279533,-0.309352695310239
"103","USS0009J01S",7,1994,-0.617099131795767,0.236841530858727,-0.496592079461206,0.864462701488164,-0.636049804615704,0.350945316953383,-0.324621654516481
"104","USS0009J01S",8,1994,-0.269844471689787,0.477299248962081,0.0858468966378366,1.28421198689923,-0.431675495156181,1.08827699839911,-0.525597993819414
"105","USS0009J01S",9,1994,-0.699323813108366,-0.0101427666166796,-0.531230005564853,1.09662909798276,-0.126479475030749,-0.0854539379759861,-0.568584109074294
"106","USS0009J01S",10,1994,1.89233532832054,-1.56547541703343,-0.680477332113129,-1.17410844393096,0.330824209633566,-1.23836248674848,-0.161481088050248
"107","USS0009J01S",11,1994,2.2130659701022,-1.08089592687204,-1.87772720614981,-0.869332083968602,-1.2568212443576,-0.510112032775567,0.164628853184816
"108","USS0009J01S",12,1994,-0.514834726987492,-0.209289959494957,-0.113106454863137,0.337143655406429,-0.206983465599151,0.109110031151959,0.0976046302481399
"109","USS0009J01S",1,1995,0.514152998138989,-0.544221397027735,-0.504598247152033,-0.687932875608584,-0.377867746493493,-0.87873787522886,0.555219780203143
"110","USS0009J01S",2,1995,0.142907122889145,1.20660906972603,0.389575310156611,2.28814221527872,-0.680654911808398,1.59497527577136,0.214938217035486
"111","USS0009J01S",3,1995,0.466579741975994,-0.48673228908481,-0.305142162113699,-0.472321758234746,-0.580213249605779,-0.450622922127695,0.514270344114003
"112","USS0009J01S",4,1995,0.547117186944928,-1.23456389437053,-0.856432485501275,-0.800335480127609,0.300258632621418,-1.88415790975595,0.658743780206543
"113","USS0009J01S",5,1995,2.59130827367863,-2.49260752408613,-1.33996395834408,-2.24518285199463,-0.372250027926938,-1.86371095758319,1.57524484460367
"114","USS0009J01S",6,1995,1.95367198631901,-1.91287045232197,-1.5956412429051,-1.73419130250703,-0.422721257413185,-1.19044163218532,1.89776851888277
"115","USS0009J01S",7,1995,2.62344448812875,-1.51765726287583,-1.50194355958079,-0.838302252267229,-1.24948450506729,-0.0775344304896999,2.12756415362381
"116","USS0009J01S",8,1995,-0.269844471689787,0.228911944866454,-0.503899641189322,0.960043437362592,-0.63597992797819,0,2.15727683967012
"117","USS0009J01S",9,1995,-1.05250857274037,-0.388474666140269,-0.358149320852177,0.240372651694118,-1.50045736190325,-0.0789412284295069,2.08660727508245
"118","USS0009J01S",10,1995,-0.973087226096025,-1.10840467377424,-1.53019099551571,-0.0538881483306291,-1.03996719365007,-0.400183297244418,1.76378180929039
"119","USS0009J01S",11,1995,-1.62896361732871,0.574320648665073,0.565343604359333,1.06649481687184,1.24483629924294,-0.400683179604077,1.60708487798366
"120","USS0009J01S",12,1995,-0.709933888868419,0.340654163199897,0.206388293585449,1.4163148018113,0.440551963477093,0.66002625401759,2.01416871183976
"121","USS0009J01S",1,1996,0.238713891993102,-0.222906100550702,-0.851917186592304,0.119139830574644,-0.574289852521361,-0.0270775046417601,1.68028100088528
"122","USS0009J01S",2,1996,-0.0421631981370063,0.0193061274602369,-0.357908570293229,0.962893938098526,-0.871954116396434,1.86847934755718,1.6760024207893
"123","USS0009J01S",3,1996,0.642433504909195,-0.778238788170935,-0.89421193112825,0.0775120713041674,-0.768008489327372,-0.0181101410784178,1.51529753024805
"124","USS0009J01S",4,1996,-0.759337901771187,-0.394631155062434,-0.70672879578517,0.145173704317942,-0.0436336436568068,0.502790060867469,1.29459474966752
"125","USS0009J01S",5,1996,0.480941060129561,0.112948189787642,-0.0916353945039206,0.328351937478038,1.12827485244728,0.679608246277541,0.41150273159574
"126","USS0009J01S",6,1996,0.308835055779911,0.0344615686204511,-0.293407665209844,0.695710143817582,-0.00270975165008448,-0.459247528301447,-0.0266757086521854
"127","USS0009J01S",7,1996,-0.214428031095088,0.318402015324225,-0.0662859984761714,0.545632226608037,0.0650184244718276,-0.383591392949045,-0.78782927321881
"128","USS0009J01S",8,1996,-1.16338428237304,0.906063047698579,-0.549889050102449,1.55143200746322,-0.431675495156181,0.98463156998015,-0.968945817567495
"129","USS0009J01S",9,1996,-0.0510438924680383,-1.5680143070521,-1.60875341115759,-0.638168549462129,-2.67336531411148,1.33439610839423,-0.680767424225455
"130","USS0009J01S",10,1996,0.31912041917207,-1.24711768541012,-1.67401780713842,-0.296573235917515,-1.59843776535822,1.4526338585014,-0.259126536242428
"131","USS0009J01S",11,1996,1.16064398981311,-0.35422457907218,-0.510079298187881,0.386394980772415,-0.142221348693994,1.36435158624679,0.0967938337217811
"132","USS0009J01S",12,1996,2.10944027399909,-0.148581842054616,-0.347935094972848,-0.818332521552325,0.322818249099593,-1.24313887951822,0.662556603794131
"133","USS0009J01S",1,1997,1.63794455121421,-0.488053617364297,-0.577300865406235,-0.505641514248581,-0.252871860839395,0.0960369262545199,1.01386829116046
"134","USS0009J01S",2,1997,-0.142409622026171,-1.23829360426586,-0.761509173714572,-0.995426601297922,-0.145017138961898,-1.14006544208679,1.01377672991735
"135","USS0009J01S",3,1997,-0.997741014756241,-0.737849333478279,-1.01728543644022,0.808467632926488,-1.28966193299846,1.15585312176962,0.639284032786337
"136","USS0009J01S",4,1997,0.549704226724564,-0.201230811473008,-1.9529061586486,0.441928359003251,-2.19869190833368,0.514703997064465,0.998530382242617
"137","USS0009J01S",5,1997,-0.238312230617677,0.342922121340821,-0.333428764977464,0.823556625794102,0.378012412260171,0.72130200371788,0.681522991601732
"138","USS0009J01S",6,1997,-0.151863252992528,-0.088624511948551,-0.0315059400867761,0.0543966321218291,0.627307506994566,-1.03375718135306,0.621300247483681
"139","USS0009J01S",7,1997,-0.78328085589446,-0.977081958860317,-1.43544171070128,-0.349545645170775,-1.86291920551889,0.289733924461513,0.603126618605488
"140","USS0009J01S",8,1997,1.81998054605954,-1.03076652590422,0.0831416372900058,-0.52937962807603,0.896303318186879,-0.0518227142094804,1.14501252146748
"141","USS0009J01S",9,1997,0.831918006611978,-0.307249279303369,0.598376227550043,-0.303616257298429,0.342683705852543,-0.854539379759855,1.31317860315118
"142","USS0009J01S",10,1997,0.374470334784871,-0.482375073178088,-1.44294867951825,0.0369505362607334,-1.29381745351741,0.778574848720869,1.344466973105
"143","USS0009J01S",11,1997,-0.346755178461217,-0.919359070912267,-0.906287735968434,-0.113784263766315,-0.885287945803065,0.4328054598255,1.31742768580285
"144","USS0009J01S",12,1997,-1.10013221263027,-0.080731593150705,-0.0140630828440752,0.357128306265778,0.882053392392714,0.359526496090882,0.757118224990747
"145","USS0009J01S",1,1998,-0.0440702569833421,-0.0877088048695786,-0.0606846133410812,0.0459067073021986,0.21139857159011,-0.00480184631272599,0.386996329212601
"146","USS0009J01S",2,1998,0.150618386265235,-0.564697969594628,-0.191142671364732,-0.993665030044394,-0.278926582173524,-1.41356951387261,0.468749074456506
"147","USS0009J01S",3,1998,2.18791753684137,-1.3138380786605,-1.15087804477031,-0.331628984205671,-1.3105280707453,0.537977720270653,1.16321642087652
"148","USS0009J01S",4,1998,0.415178158183499,-1.25919535300127,-1.17602463208622,-0.439060136725925,-0.387525919935031,0.307937165306373,1.34893324768376
"149","USS0009J01S",5,1998,-0.662058355398996,-0.420395608920793,-0.6876841682294,-0.214652431177414,0.878187372384911,-0.988142051336053,1.12863541960835
"150","USS0009J01S",6,1998,1.77731091499206,-1.81917806263512,-1.76781737701378,-1.71807789769055,0.0812925495025355,-0.14587862663693,1.44472973854705
"151","USS0009J01S",7,1998,-0.70658159861814,0.470142451539105,0.434433804851869,0.768112832705707,0.634636360605447,1.63638455928263,1.32977119143323
"152","USS0009J01S",8,1998,-0.560832765300453,0.356062588629692,-0.0196582179275727,0.918427204651806,0.130161695104345,0.621872570513778,0.841710908447303
"153","USS0009J01S",9,1998,-0.699323813108366,0.914762725051449,0.694234192314761,1.2716597673929,0.811846886735835,1.51187736419051,0.477124843273898
"154","USS0009J01S",10,1998,0.104107285445418,-0.689991655069312,-0.0805681310026212,-0.790736349047333,0.635444521474374,-1.06190371001078,0.347550150824094
"155","USS0009J01S",11,1998,0.00711596774952482,-0.169439459124468,-0.0151198212036648,-0.0076311147455055,0.873303000688402,0.4328054598255,0.355905713961346
"156","USS0009J01S",12,1998,-0.81704715421481,-0.277140208398867,-0.504487521712656,0.355311519824019,-1.03111946624164,1.36119235584657,0.332194150904997
"157","USS0009J01S",1,1999,0.613311076351509,-0.593267103437536,0.538356450242857,-0.207208652889681,0.21139857159011,-0.0176123367996599,0.569769917188407
"158","USS0009J01S",2,1999,-0.447004525381713,-0.661234359855336,-0.179198656936074,-0.272263827481603,0.00802222470853003,-0.0425859957034853,0.451868191183171
"159","USS0009J01S",3,1999,-1.16344936828945,0.489638876528959,0.1082585864983,0.916817240512097,-0.371551872137344,0.290827559671066,-0.295883242095277
"160","USS0009J01S",4,1999,3.31007567159604,-1.62127779487309,-0.980905216276463,-1.05632486630937,-1.32749814176218,-0.422761193047733,0.587765584551511
"161","USS0009J01S",5,1999,1.10819683694401,-1.35007745988045,-2.20029850909878,-0.757656799832867,-1.65841421110484,-0.404429447171296,1.04300272721566
"162","USS0009J01S",6,1999,0.21525571181051,-0.534512796877677,-0.618610669361699,-0.137050085647276,-1.09473966663415,0.28643472342596,0.728278008967958
"163","USS0009J01S",7,1999,-0.134532971432255,-0.0799166297398364,-0.0232553903776678,-0.0692551178036303,0.76608665355936,-0.444802785440915,0.861152549631474
"164","USS0009J01S",8,1999,-0.117002135651861,-0.684798495199601,-0.14951066662346,-0.514047331814162,0.283390019720852,-1.34739056944652,0.911584512239977
"165","USS0009J01S",9,1999,0.181314502026703,-1.50600946962184,-1.45298421841492,-0.877450983592459,-0.863735902133065,-1.38698314714869,1.22220768653026
"166","USS0009J01S",10,1999,-1.24345027543548,0.387876664855348,-0.924604420262199,1.55873667280831,-0.354571492008252,0.570339974812913,0.861507002284803
"167","USS0009J01S",11,1999,-1.62436788815714,1.02242456453828,0.745985749244084,2.31154531047184,-0.414679100967321,2.24686896917222,0.654412340775749
"168","USS0009J01S",12,1999,-0.805570732927697,0.590628764424831,0.715982417360945,0.769538828545082,1.41185510709146,1.31110906285879,0.650868013087271
"169","USS0009J01S",1,2000,-0.697779068902914,-0.114000105988635,-0.00850979318218298,-0.066272591996265,0.21139857159011,-0.105640618879972,0.383259304485318
"170","USS0009J01S",2,2000,2.68762403699873,0.89162537849042,0.53460310282495,1.14488247173889,0.141931667920156,1.32147120398555,1.08616304342394
"171","USS0009J01S",3,2000,1.32893954097535,-0.718532637755705,-0.450305783763713,-0.228130851586582,0.275298398014806,0.0436773990714788,1.46489859630171
"172","USS0009J01S",4,2000,-0.503220963587236,1.29755005286913,0.428664356556077,1.79258927022962,0.300258632621418,1.52576776256322,0.243482633404895
"173","USS0009J01S",5,2000,-0.731753441711713,1.34110684552908,0.434124608735064,1.28052156983866,-0.443703593659043,1.55517715252468,-0.485366470874031
"174","USS0009J01S",6,2000,0.125275573378393,0.0859005276642135,-0.49710900697223,0.242923468474601,-0.338718956260565,-0.302563077469189,-0.54777772107753
"175","USS0009J01S",7,2000,-1.18595195659514,0.481522984255221,-0.312734026676691,0.932783517533904,-0.679866568933675,0.53457949442899,-0.782438672921322
"176","USS0009J01S",8,2000,0.179864709344879,1.47380545706001,1.31944515924877,1.1637439448417,1.20275996741989,1.91744042575082,-0.748618558472278
"177","USS0009J01S",9,2000,-0.0510438924680383,-0.382171791198273,-0.74898734885537,-0.0266689955735106,-1.43343405034849,1.0977544339992,-0.921325394293189
"178","USS0009J01S",10,2000,0.915196433463778,-0.642237995325815,0.078398345001425,-0.794253524229751,0.838524729368246,0.43799589225964,-0.128806704084359
"179","USS0009J01S",11,2000,-0.461648407750419,-2.21439478654582,-2.11899866862806,-1.98855682782875,-1.00913237865458,-1.08708558854608,-0.040288277868834
"180","USS0009J01S",12,2000,-0.809396206690068,0.503137653996104,0.281469559470867,1.21828507965957,1.70618939303521,1.16085918389544,-0.212536834623664
"181","USS0009J01S",1,2001,0.334199448790343,-0.280113326695398,-0.342941837151513,0.159644052424252,0.229255126683553,0.936360030981572,0.15389857795392
"182","USS0009J01S",2,2001,0.443646394556641,-0.381152069141884,-0.342274267268682,-0.0794095494632363,-0.58500530951438,-0.593057298515161,-0.337060604261164
"183","USS0009J01S",3,2001,-0.99097740848958,0.291203729560693,0.316536826257016,0.729226875139997,0.483959775483242,0.0436773990714788,-0.80347923998171
"184","USS0009J01S",4,2001,1.99844650332065,-0.0670327552736458,-0.234068831625332,0.392905368364811,-0.685565892709493,1.62319421034377,0.0499959431236783
"185","USS0009J01S",5,2001,0.0544071318957339,1.09890025804223,0.282300864484234,1.14285849046122,-0.550883942257202,0.179283156993461,0.295146424795063
"186","USS0009J01S",6,2001,-1.15244239235767,0.558036687458744,-0.0460560359269465,0.769831805973373,-1.68275577470249,1.42096588168565,0.0618989604126846
"187","USS0009J01S",7,2001,-0.703385796231627,0.394272233431665,0.0862770666003409,0.61044941106169,-0.0664318684820847,1.20790481183955,0.22328488017739
"188","USS0009J01S",8,2001,0.629573890379545,0.734557528203979,0.469993724029839,1.03232426259711,0.947379426392382,1.03645428418963,0.298466895922171
"189","USS0009J01S",9,2001,-1.11292175530901,0.881176771443388,0.198488751206562,1.81890755656134,-0.159991130808127,0.86111275960416,-0.00906083370067996
"190","USS0009J01S",10,2001,-1.08165821441344,0.287821377773734,-0.351189631819033,0.69702875311575,0.254669131673364,1.4526338585014,-0.810527833166792
"191","USS0009J01S",11,2001,-0.227266220000447,0.258646068754398,0.366637244986108,0.240659301608252,-1.05867015179518,0.530862946817214,-0.894633602696166
"192","USS0009J01S",12,2001,-0.709933888868419,-0.705668096213039,-1.07478564769338,-0.209709063563044,0.146217677533345,-1.89422168835942,-1.05876349885052
"193","USS0009J01S",1,2002,-0.969545653633523,-0.914689730978071,-0.812515218581596,-0.92163974914705,-0.270728415932838,0.499392016523505,-1.23671402753024
"194","USS0009J01S",2,2002,-1.11788443910151,-0.953173758902378,-0.963363017558888,-0.0248008406038607,-0.278926582173524,0.149310896332053,-1.48643485112444
"195","USS0009J01S",3,2002,-0.216544490956827,-1.66505072816186,-1.57584980670223,-0.666380756895539,-1.51918944821374,0.167252479371272,-1.33324566605425
"196","USS0009J01S",4,2002,-0.893863970312252,0.671911003648434,0.0602923560186944,0.979203639942402,0.162701722110128,0.0156578219647314,-2.09962358508102
"197","USS0009J01S",5,2002,-1.36458482543118,0.225488624377496,-1.03912802066188,0.519550658835592,-1.08678568524799,2.72260236085419,-2.22992658382978
"198","USS0009J01S",6,2002,-0.695343289122514,1.25246263454953,0.310421312157229,1.51427110849457,-1.68275577470249,1.83879108390501,-2.33095253196431
"199","USS0009J01S",7,2002,0.840186756454311,1.69734322942695,1.12879134462317,1.76139238906302,0.80990341787733,2.79940101662814,-2.13568853427491
"200","USS0009J01S",8,2002,-1.08696311435408,1.21950416953354,-0.0440055520580512,0.907475564464758,-0.278447170539674,1.399213283656,-2.20214506917909
"201","USS0009J01S",9,2002,0.244051268540283,0.0389443963489467,0.36831711211472,-0.385592646769005,0.610776952071567,0.328668992215327,-2.08627695133198
"202","USS0009J01S",10,2002,0.214807116671021,-1.52681769247917,-1.22929016593662,-0.625429115473656,-1.11612227161027,-1.4589359576706,-1.41296293800097
"203","USS0009J01S",11,2002,-0.342159449289649,-0.609843994999849,-0.659410137959275,0.368402921616345,-0.340372441256413,0.628920433808929,-1.49503542984033
"204","USS0009J01S",12,2002,-0.61047157104677,0.0246148459369451,0.0993575528551727,0.513371940257056,0.440551963477093,-0.391722898725887,-1.57976390239886
"205","USS0009J01S",1,2003,-0.973218175048802,1.26629320276181,0.90925384666204,2.66809782840379,1.24707876700978,0.835521258414326,-1.60190740350014
"206","USS0009J01S",2,2003,-0.142409622026172,-1.07078569511482,-0.694224559099799,-0.903824896114454,-1.06325332098447,-0.593057298515161,-1.43463765996555
"207","USS0009J01S",3,2003,0.977232015108945,-0.363807861759335,-0.144199885936508,0.0500203798272214,-0.246355045656283,0.0127836289965305,-1.16837645955167
"208","USS0009J01S",4,2003,-0.893863970312252,-0.20004263187962,-0.637764174679998,0.19678446766104,-0.960679713732073,-0.325334745267185,-1.16092239238791
"209","USS0009J01S",5,2003,1.04128955408381,0.455462555930674,-0.198474325643393,0.791052843163318,0.0207445835996431,1.93042096948774,-0.427277397436032
"210","USS0009J01S",6,2003,0.575176265538977,-0.527692769500664,-0.157606770701587,-0.52246326030802,0.207296001231466,0.0108058241953288,0.0827037997249603
"211","USS0009J01S",7,2003,-1.43202874035667,2.23791853344246,1.29309003009019,2.2746744173041,0.590819596287477,1.39153898931516,-0.430947330782115
"212","USS0009J01S",8,2003,-0.416808256341638,2.10660168416077,1.54668694446658,1.57771594391214,1.50921661665291,1.45103599786548,-0.302992381884065
"213","USS0009J01S",9,2003,-0.815503010355737,0.413556955823469,-0.139730101138284,0.516147637407328,-1.13182914835209,0.151187736419052,-0.647576193605585
"214","USS0009J01S",10,2003,-0.864516237778607,1.6090059640105,0.445535206248865,1.9333158297359,0.584674469500906,1.32028977594812,-1.25460293217622
"215","USS0009J01S",11,2003,1.40421763590622,-1.47679418275453,-1.05441429477393,-1.21849669594898,-0.61283019352974,-1.72445925399223,-1.09566730017089
"216","USS0009J01S",12,2003,1.82252974182125,-0.383307866779016,0.776990700278984,0.404123735737816,0.499418820665842,-0.195854892537678,-0.844943143684566
"217","USS0009J01S",1,2004,-0.785919582869598,-0.729455564002903,-0.626909710803221,0.413605521669385,-0.824281623829556,0.701069561657997,-0.707532076271856
"218","USS0009J01S",2,2004,0.937167250626379,-0.772147236393579,-0.640753814965619,-0.940331941747918,-0.451095866302755,-0.553985288260045,-0.470773062474188
"219","USS0009J01S",3,2004,-1.67748344455573,1.34659774131227,0.484842474546888,2.18790368174029,0.0875031582932147,2.23713507439281,-1.01777031911832
"220","USS0009J01S",4,2004,0.293587288540613,0.413280688025706,0.613691388789465,0.516771200388245,1.30900930970421,-0.0817686258158158,-0.799330586109704
"221","USS0009J01S",5,2004,-0.583999858728753,0.52396542915928,-0.0269697256563451,0.341735847973067,-0.157889330730621,-0.154266902529256,-1.13828335386918
"222","USS0009J01S",6,2004,0.308835055779911,0.814449474430725,-0.36165454331731,0.863552882346515,-0.254716655107945,0.891693407119304,-1.12980856059924
"223","USS0009J01S",7,2004,1.49213044330303,0.937169391971343,0.0482907163889826,0.927425516295773,0.240285481743711,0.986997903456551,-0.0853045692054483
"224","USS0009J01S",8,2004,-0.26690519599675,-0.868131981555896,-0.831236022276874,-0.958683923408339,-1.35104544285522,-0.984631569980148,0.0367923271812142
"225","USS0009J01S",9,2004,0.481056830924919,-0.873043420854542,-0.513576163720684,-0.773318813183889,0.0410788038561406,0.624471085209123,0.510107815114191
"226","USS0009J01S",10,2004,3.51238478144908,-0.492155064703394,0.205193034195128,-1.07386895123203,0.203899079699896,-0.708986156535387,1.64638225634359
"227","USS0009J01S",11,2004,1.06413367721018,-0.27107127509571,-0.0211412260331568,0.303631508654495,-0.389910214397018,1.60949530372608,1.87638476595382
"228","USS0009J01S",12,2004,0.456835608654769,0.837032299917979,1.01151505967589,1.20375078812549,0.528852249260217,1.21094247688322,2.17563234855488
"229","USS0009J01S",1,2005,3.13633328864784,0.732101766388263,0.789508357772766,1.26741463299658,0.175685461403225,2.07919945341036,2.49762315740965
"230","USS0009J01S",2,2005,-0.435437630317578,0.0518736960039108,-0.319501013091375,0.813707076075583,-0.0876273775854878,-0.632129308770278,2.33100147884826
"231","USS0009J01S",3,2005,0.469961545109325,-0.272492572888983,0.0135866593352466,0.0742777546598207,0.463093637736399,0.229040019521169,2.21538807757408
"232","USS0009J01S",4,2005,-0.104816837523312,-0.163095443933516,-0.787467864396103,0.438322840106737,-0.570935133950085,-0.422761193047733,2.6183095165427
"233","USS0009J01S",5,2005,0.333187477146602,-0.1145792105788,-0.417775289561259,0.406743413234636,-0.0149821992664096,0.6379144888372,2.42907149749226
"234","USS0009J01S",6,2005,0.305235850242627,-1.1872137086689,-0.40010836803776,-1.46670878255352,-0.338718956260565,0.0630339744727471,2.15218709686045
"235","USS0009J01S",7,2005,-0.623490736568794,0.517561337856255,0.573305312806129,0.202276330583289,0.547002831969506,0.167311139477775,1.73939784329718
"236","USS0009J01S",8,2005,0.923501459683248,-0.927271815864379,0.207583567290232,-1.2653298486457,-0.738132144389195,-1.55468142628445,1.86748258237548
"237","USS0009J01S",9,2005,-0.638910630539733,-0.116067697226717,0.202962122895582,-0.458706723864383,0.577265296294189,-0.972860216957372,1.67552791437709
"238","USS0009J01S",10,2005,-0.16412692098585,0.701686428884046,1.2403675862691,-0.191057980444956,0.762369651408044,-0.664871462350964,0.903016021127952
"239","USS0009J01S",11,2005,-0.346755178461217,0.712909488625857,0.837511102652357,0.240659301608252,0.699920794696286,0.23669048584207,0.743929836257125
"240","USS0009J01S",12,2005,-0.423023356690586,1.26377465486626,1.22557654113644,0.520639086024093,-0.825085466081021,0.00894344517638985,0.537928622575936
"241","USS0009J01S",1,2006,-0.227696327747267,0.479944287473679,0.57140050301016,0.134715319246816,0.729238669299943,-0.00480184631272599,-0.200992344156795
"242","USS0009J01S",2,2006,-1.22198649467872,0.0821676795737813,-0.115576873412757,-0.211527393477854,-0.0111076957502731,0.188382906587169,-0.362960251429238
"243","USS0009J01S",3,2006,2.52609785017445,-0.7431175232208,-0.376672062636894,-1.42321085167263,-0.392418009884187,-1.16117963385151,0.252156075901961
"244","USS0009J01S",4,2006,-0.632572952569029,1.22365567697692,0.754984758858598,0.541544366792932,0.208554025613891,-0.374047969157459,-0.134425296659408
"245","USS0009J01S",5,2006,-0.583999858728753,1.45854034249241,1.53906408078277,0.936363871395059,0.878187372384911,0.137589399553122,-0.472742793865889
"246","USS0009J01S",6,2006,-0.605363150690397,1.2561368459098,1.76300588020091,0.690876122372639,1.1733224644866,-0.302563077469189,-0.773365537220417
"247","USS0009J01S",7,2006,0.517410715416465,0.893118917488083,1.60408397043846,0.226801751727913,1.29188782537501,0.289733924461513,-0.456792047446472
"248","USS0009J01S",8,2006,-0.713675101338379,-0.368400381649219,0.464583205334178,-0.759364072004053,0.0790855868988423,-1.34739056944652,-0.851311674057955
"249","USS0009J01S",9,2006,0.718062393309555,-1.04872379357363,-0.190694585738193,-1.7503887525494,0.108102115410897,-0.677058123963577,-0.393845434880904
"250","USS0009J01S",10,2006,1.13659609591498,-0.710457509245097,0.078398345001425,-1.25148629794417,0.3562092356203,-0.708986156535387,0.09005605483939
"251","USS0009J01S",11,2006,-0.107777261539677,0.488087592689474,0.600267752370385,-0.212740589124696,-1.05867015179518,-0.498740666595791,0.0429787160828647
"252","USS0009J01S",12,2006,-0.224098721047288,1.16378481437629,1.15369022273551,0.629646272529636,0.469985392071467,-0.592056070677025,-0.0692370748312837
"253","USS0009J01S",1,2007,-0.411322398511192,-0.498809149640275,-0.483215124136091,-0.550824843132684,-0.485007077054148,-0.374544012392629,0.00371690781374117
"254","USS0009J01S",2,2007,-0.138553990338127,1.27967103010042,1.0986516334046,0.163687283523661,0.830608804437084,0.774463060413917,0.263460175025862
"255","USS0009J01S",3,2007,-0.304471372423428,1.38523113275742,1.12230011744478,0.911965765545577,-0.392418009884187,0.661552800570447,-0.347388806427459
"256","USS0009J01S",4,2007,-0.761924941550823,1.13744557176934,1.3605277734406,0.178204592857525,0.850486274666577,1.23348841922158,-0.491632719924556
"257","USS0009J01S",5,2007,-0.299643906572868,0.638952394935869,0.765887605431321,0.274816295497923,0.48519276085833,-0.154266902529256,-0.291736448906791
"258","USS0009J01S",6,2007,-0.96888290995615,1.0687520665361,1.3265030049958,0.705378186707468,0.753310958723496,0.219718425305006,-0.2573943958444
"259","USS0009J01S",7,2007,-1.02296603488296,1.24401867623499,1.56887710926696,0.698040200863922,1.86150576150863,-0.13874582298157,-0.590656988948655
"260","USS0009J01S",8,2007,-0.0435202433259355,1.28160099555744,1.58456057533621,0.493503565394318,1.04953164280339,0.31093628525689,-0.474600434870015
"261","USS0009J01S",9,2007,1.18974993413388,-0.0953994180832944,0.56722238900151,-0.629306237086933,-0.428084377027151,0.269508573616569,-0.364342285589361
"262","USS0009J01S",10,2007,0.216935959579206,0.217327880057142,0.689662294397936,-0.289538885552677,0.559289443514172,-0.929559627457508,-0.793538322781652
"263","USS0009J01S",11,2007,-0.461648407750419,1.29190286446202,1.32765345577298,1.14745908307415,1.09622297982112,0.0896042553544975,-0.967343679596053
"264","USS0009J01S",12,2007,0.349722343308378,-0.58603739419825,-0.780850479120682,-1.40878811512402,-0.3835840371654,-0.341639605738102,-1.04625220902117
"265","USS0009J01S",1,2008,1.91705617877538,-1.2564766455258,-1.21109663159875,-1.85335115165373,-0.574289852521361,-1.31570588968693,-0.476466249479327
"266","USS0009J01S",2,2008,0.435935131180551,0.0932898114726587,-0.0120977764534862,-0.345042345728029,-0.278926582173524,-0.475841267749811,-0.340954664774531
"267","USS0009J01S",3,2008,-0.135381215756888,-0.978429998386708,-0.757463591892729,-1.18548857831316,-0.162890494668908,-0.759560622877179,-0.185612646457542
"268","USS0009J01S",4,2008,-1.15774202783511,-1.4143735423749,-1.40814945434265,-1.46921097305416,-1.74016887329605,-0.958606655840744,-0.194826338698852
"269","USS0009J01S",5,2008,-0.656482748493978,-0.625904228606612,0.214823644817199,-1.05019084350992,0.449465977992277,-0.112573145088917,-0.16914696359921
"270","USS0009J01S",6,2008,0.128874778915677,-0.626896476227919,-0.0921313394208197,-0.809281866041294,0.123293700078846,-1.399354233295,0.280060050934643
"271","USS0009J01S",7,2008,-0.943070975220127,0.667405018618448,0.763031175785895,0.179502725234708,1.1604375324211,-0.873282532883998,0.370514860787545
"272","USS0009J01S",8,2008,-0.710735825645342,0.841009229959249,1.10572967077013,-0.189878782277521,1.10060775100889,-0.0518227142094804,0.185628971990606
"273","USS0009J01S",9,2008,-0.583144615860995,-0.405423605234623,-0.100348453947446,-0.394454959144202,0.0410788038561406,-2.09690817033379,-0.285222811557278
"274","USS0009J01S",10,2008,-0.596282031347338,0.376506745868801,0.629103636872585,0.165935300570536,0.22928410568663,0.393881198075217,-0.627871360521938
"275","USS0009J01S",11,2008,-0.810923824789593,1.81546070431387,2.02974925889171,1.05929799320941,2.35943619490654,0.677949177304787,-0.823820608085175
"276","USS0009J01S",12,2008,1.03065667301043,0.460284865214686,0.503518409642634,-0.365952697554322,-0.295283751382276,1.11077589090765,-0.889820918653623
"277","USS0009J01S",1,2009,0.231368849162545,1.26748826190359,0.952875417614562,1.15367728787453,-0.699285738175458,0.667456637468915,-1.13462677488898
"278","USS0009J01S",2,2009,-0.246511677603382,0.575781411859317,0.258111524678517,0.105555432157229,0.371490713425798,-0.632129308770278,-1.24474786444637
"279","USS0009J01S",3,2009,-0.307853175556758,0.117353468057522,0.216605347584905,-0.357503517360444,0.275298398014806,-0.049003911153366,-1.25723085911338
"280","USS0009J01S",4,2009,0.878258278738319,-0.168021735659663,0.0316972692189894,-0.866397257206774,-0.777270499717019,-0.374047969157459,-0.809968348524039
"281","USS0009J01S",5,2009,-0.302431710025377,1.07443494617487,1.99453531353526,0.320703988623737,2.23580512129492,0.346058186754822,-0.741532486993125
"282","USS0009J01S",6,2009,3.23858836312964,-1.30111426083723,-0.186706962381927,-1.90821607452497,0.753310958723496,-1.55603868412725,0.0734253857274013
"283","USS0009J01S",7,2009,0.999976875779977,-0.131129026962359,0.319033537678609,-0.754215094057086,0.80990341787733,-1.11812810285147,0.572794669060104
"284","USS0009J01S",8,2009,-0.416808256341638,-0.726196379215539,-0.644573127276534,-0.853548177612671,-0.942436577211204,-0.207290856837925,0.623462479682973
"285","USS0009J01S",9,2009,-0.348462637421307,1.31521063345525,1.25484352291375,0.806388367695043,0.543753640516811,-0.499576868167299,0.677574787524866
"286","USS0009J01S",10,2009,0.214807116671021,-1.22892581503164,-0.360651922057369,-2.12022856800158,-0.0245661541807105,-1.63539473440829,0.96656915507586
"287","USS0009J01S",11,2009,-1.51407038803951,1.04860245653087,0.885682341288291,1.01611705123484,1.49252516494596,0.334747972833784,0.953628887569881
"288","USS0009J01S",12,2009,0.552472452714047,-1.00742315054885,-1.02526396168385,-1.37971953205587,-0.766218608892272,-1.39338875848158,0.936621414473165
"289","USS0009J01S",1,2010,0.0550878212291772,0.477554169190128,0.420007992057292,0.326354955548358,0.586386228552403,-0.609834481716204,0.885446946927596
"290","USS0009J01S",2,2010,-0.93281411807536,-0.279578124231142,-0.187002079696131,-0.639589208085217,0.448010395261012,-2.07779368820959,0.755801713471946
"291","USS0009J01S",3,2010,-0.646033488889838,0.0207699894446491,0.240799284526574,-0.412486900314335,0.29616453576165,-0.141685221378211,0.693496004554794
"292","USS0009J01S",4,2010,0.0219481116788462,-0.0694959011367193,0.290735114345733,-0.672340787036726,0.323184784373299,-0.958606655840744,0.395648009261715
"293","USS0009J01S",5,2010,-0.229948820260151,-1.37943583412128,-0.811392404285632,-1.86660938370668,-0.800971422319571,-0.446123204611637,0.552007476959001
"294","USS0009J01S",6,2010,-0.0510854979485568,0.0216018288595105,0.848774858243535,-0.343604466845133,0.795312109299806,-0.511475678578866,-0.177610362864078
"295","USS0009J01S",7,2010,0.354424793704285,-0.170960891468765,0.375755702899364,-0.600055304005158,-0.329332454389909,-0.68964835540839,-0.265343094923143
"296","USS0009J01S",8,2010,0.926440735376285,-0.628615652606542,0.177825714464091,-0.910496706585325,-0.125218845923167,-1.14009971260859,0.026938530266854
"297","USS0009J01S",9,2010,-0.759736995676999,1.3668813313138,0.437095201833405,1.36914520352007,0.778335230958457,0.0328668992215317,-0.0511024685270599
"298","USS0009J01S",10,2010,0.108364971261788,0.942728711398843,1.33688294670012,0.092074621739744,0.635444521474374,1.40851916431697,-0.288422578979045
"299","USS0009J01S",11,2010,1.98787524069537,-0.295709291088738,-0.198170528020212,-1.09974910551892,-1.92558118175576,0.825035407792359,0.186950920844444
"300","USS0009J01S",12,2010,2.59144996805785,1.48696626310281,1.81983677325081,0.903981025235252,-1.35488718077977,0.459693082066451,0.572950884228353
"301","USS0009J01S",1,2011,-0.789592104284877,0.233762104267971,0.131763493802395,0.257800939310408,-0.984990619670539,-0.139253543069054,0.426193345904639
"302","USS0009J01S",2,2011,0.443646394556641,-0.171634603456387,-0.119717465081358,-1.08350516397433,-1.15890292327849,-0.593057298515161,0.749765377944608
"303","USS0009J01S",3,2011,-0.558106607423238,0.0892564560974136,0.189255679737801,-0.580671365820356,0.630022739711148,-0.110791451303263,0.777705243165326
"304","USS0009J01S",4,2011,-0.36869489504617,-1.04490166291386,-0.429188247435087,-1.58688351347642,0.139775570358247,-1.44573889474348,0.77813804229109
"305","USS0009J01S",5,2011,1.67969654470829,-1.48708320633766,-0.198474325643393,-1.75953809974645,-1.62268742823879,-1.53016089806047,1.17007613443219
"306","USS0009J01S",6,2011,1.41019195018902,-0.544226720621873,-0.48255891113206,-0.786723099298228,-0.128713203379015,-0.929300880798222,1.35030460204083
"307","USS0009J01S",7,2011,2.05139586094286,-0.641356243734894,0.536142514902877,-1.4023869385936,0.76608665355936,-1.54660785029456,1.52895802591706
"308","USS0009J01S",8,2011,-0.93999932970223,0.648804768456679,1.16254011707458,0.13867042333394,1.3559882920364,-0.36275899946637,1.18281345688529
"309","USS0009J01S",9,2011,-0.820150178245631,1.02327119055441,1.06951812436863,0.600339604971702,1.61612662539291,-0.677058123963577,1.22050083871601
"310","USS0009J01S",10,2011,0.970546349076579,0.194588042084048,0.555297773013563,-0.287780297961468,0.153129027726428,0.570339974812913,1.47143495924596
"311","USS0009J01S",11,2011,0.356391384788699,-0.100145039144076,0.0739969702728119,-0.615762714220651,1.29437407238354,-1.38125804952122,1.47454728716049
"312","USS0009J01S",12,2011,-0.801745259165325,1.07272263821577,0.733554628525617,0.889446733701179,0.587719106448966,-0.241473019762533,0.959571537949635
"313","USS0009J01S",1,2012,-0.694106547487636,0.732101766388263,0.41316539269219,0.849858352274521,-0.252871860839395,0.196875698821766,0.964324601149194
"314","USS0009J01S",2,2012,0.540037186757761,-0.140705096101513,-0.156019031693148,-0.811069058040742,0.620179679390245,0.422814968117868,1.00529972541129
"315","USS0009J01S",3,2012,-1.50501148475586,1.46952216863774,0.902450864366133,1.20790573850329,-0.142024356922065,0.78512788087024,0.775931674067189
"316","USS0009J01S",4,2012,-0.829187975821356,1.62022216093177,1.21250614765389,0.929657307133028,0.529520150140234,1.62319421034377,0.372697970169977
"317","USS0009J01S",5,2012,-1.50676280150913,1.27015744111374,1.15107006769732,0.796788804804045,1.3426355496436,0.0125081272321024,-0.748983174817888
"318","USS0009J01S",6,2012,-0.96888290995615,1.25981105727007,1.2440524619015,1.16138754301374,0.501304055265636,0.533087326969523,-1.30554278984031
"319","USS0009J01S",7,2012,-0.457309012470101,0.305124727155422,0.870607696032153,-0.146335012829596,1.1604375324211,-1.17933949534334,-1.96187711122796
"320","USS0009J01S",8,2012,-0.56377204099349,1.4235365978978,1.46282390468382,0.655587840162638,1.04953164280339,-0.0518227142094804,-1.65065914418894
"321","USS0009J01S",9,2012,-0.404228652100045,1.33329537770574,1.20619560579566,0.870640132415222,1.81719656005717,-0.913699798358612,-1.74262910005009
"322","USS0009J01S",10,2012,-0.161998078077666,0.299191296760281,0.354697219960838,-0.0169578089152332,-0.963812115689869,0.0850783387842467,-2.00289532498626
"323","USS0009J01S",11,2012,0.462093155734764,1.44281071241932,1.45049011429461,1.07189243461866,0.873303000688402,-0.106510718628932,-1.96230219176692
"324","USS0009J01S",12,2012,-0.235575142334401,0.283517111491341,0.623328940310854,-0.756561782532517,0.587719106448966,-0.892555828603733,-1.90262513405789
"325","USS0009J01S",1,2013,-0.135883292365304,-0.00644478322885955,-0.193259976039921,0.0552549822437372,-1.23498239097873,0.566617864901669,-1.92456844776876
"326","USS0009J01S",2,2013,-0.92510285469927,-0.334820094270317,-0.346414858937284,-0.611404068028765,0.00802222470853003,-1.41356951387261,-2.099598768104
"327","USS0009J01S",3,2013,-0.6527970951565,0.349153816728417,0.258681759657373,0.0936836545259002,-0.413284147631031,0.41440263997086,-2.14489905235978
"328","USS0009J01S",4,2013,0.350502163692602,-0.695134950357413,-0.303033452730504,-1.26276791968176,-0.731418196213256,-0.520187640828281,-1.62414743157589
"329","USS0009J01S",5,2013,-0.731753441711713,0.714794861724684,1.24666279555895,0.110385395130427,-0.979605336649835,-0.446123204611637,-1.30156317138465
"330","USS0009J01S",6,2013,-1.24242253078979,1.32410975607477,1.23920242995478,0.97447204714262,1.00531786218136,0.480859176692103,-1.31324818506788
"331","USS0009J01S",7,2013,0.674005032355618,0.728101193104401,1.24223567506468,0.303881646753877,1.42333811832892,-0.261168607965307,-1.02369037781335
"332","USS0009J01S",8,2013,-0.716614377031416,0.465471282100384,1.43847657055334,-0.27092091966168,1.2538360756254,-0.518227142094815,-0.934311702646971
"333","USS0009J01S",9,2013,1.30592913138125,0.480728863039589,1.88494987796716,-0.784396703652886,-0.0594561634759933,0.624471085209123,-0.377978074706725
"334","USS0009J01S",10,2013,0.593741154327892,-0.521716854068416,0.243042195148473,-1.05100731254631,0.48313436555397,-0.929559627457508,-0.114782470744938
"335","USS0009J01S",11,2013,-0.930412783250363,0.774504528608428,0.937466422821919,0.497945747540045,1.69067625750838,-0.449711923099934,-0.456405800251201
"336","USS0009J01S",12,2013,-0.0289995591663619,0.438858470823978,0.49553104093142,0.180900021415151,-1.59035460953476,0.0590267381641743,-0.613844922295486
"337","USS0009J01S",1,2014,-0.506807955308433,1.2232710736579,0.888726048566736,1.15679337952171,1.01494355079502,-0.00480184631272599,-0.58105972587672
"338","USS0009J01S",2,2014,-1.31837728687984,0.878721247558021,0.613167260261085,0.438492399074067,0.161061588378959,0.0320948655667029,-0.652284994357907
"339","USS0009J01S",3,2014,-0.395780057023359,0.758316553397496,0.647888571327702,0.284508336542346,0.650888877457991,-0.481516692202644,-0.484359627514305
"340","USS0009J01S",4,2014,-0.5006339238076,0.147260934813757,0.497628977661249,-0.389513803916551,-0.318747464679386,-0.617614088608828,-0.951631148388057
"341","USS0009J01S",5,2014,-0.798660724571921,0.883605513609464,1.08359284803028,0.318792001410161,0.306558846528066,0.59622073139686,-0.883913779172185
"342","USS0009J01S",6,2014,-0.788922633091916,-0.151086105073119,-0.21823217003563,-0.48056840778518,0.123293700078846,-0.877072730520803,-0.57758470952665
"343","USS0009J01S",7,2014,0.680396637128644,0.511871071498197,0.94884516530216,0.1006710144127,0.503186067651535,-0.322380000457177,-0.493559564746719
"344","USS0009J01S",8,2014,3.24258998148947,-1.38264854003969,0.637719803595362,-2.36487452342539,-0.0741427377176646,-1.50285871207496,0.477028165469873
"345","USS0009J01S",9,2014,1.71255632174705,0.553067840041566,1.47491743368608,0.0109958320210771,1.04642847717748,-0.677058123963577,0.640752207383603
"346","USS0009J01S",10,2014,-0.926252682115963,1.08826367442665,1.21765808969709,0.712856041436633,0.99083488528865,-1.06190371001078,0.0412873777450413
"347","USS0009J01S",11,2014,-1.0544974708827,0.62359668065113,0.637600462313234,-0.0562096744668926,0.179774176719937,-0.694855640579221,-0.0734085761828727
"348","USS0009J01S",12,2014,-0.514834726987492,1.48696626310281,1.93645235643454,0.404364753751514,0.440551963477093,-0.091223140799179,-0.358506298915007
"349","USS0009J01S",1,2015,-1.06870373184604,1.72519591320352,1.45837244571143,1.78156975478121,0.7113821142065,1.23887634868331,-0.365329191147018
"350","USS0009J01S",2,2015,-1.1255957024776,2.26511649563797,1.5592924565365,1.56413643007861,0.887998565813495,1.16518316296508,-0.311823997692413
"351","USS0009J01S",3,2015,-1.24799444662272,2.184239910373,1.61459413869265,1.69467039347744,0.0249047450526838,1.12495935169467,-0.530288265891791
"352","USS0009J01S",4,2015,0.159061219999547,0.57338516912549,1.18222899692479,-0.263583541359393,0.529520150140234,-0.471474416938006,-0.463192936258225
"353","USS0009J01S",5,2015,2.24283284211505,-0.877896940840413,1.1173314578638,-1.54921950625314,0.0921981493317491,-1.19661083853775,0.574369691217088
"354","USS0009J01S",6,2015,-0.058283909023126,1.13672497670107,2.03460766921743,0.839119446684219,1.76133857255494,0.428631026414683,0.645146149882361
"355","USS0009J01S",7,2015,0.923277618503657,-0.94673387161734,-0.087801302525423,-1.5985903077506,-0.241698925753968,-1.60781924278643,0.781091409930736
"356","USS0009J01S",8,2015,0.705995058398508,-0.185066895292923,0.607961950769221,-0.761554400041461,0.181237803309847,-1.19192242681808,0.148781852367599
"357","USS0009J01S",9,2015,-0.346139053476359,1.28937528452597,1.50503281094967,1.06339542657577,1.34803337917388,-0.499576868167299,-0.474815354172319
"358","USS0009J01S",10,2015,-0.704853019664757,2.07289865866162,2.03330750824166,0.962575479388356,1.5493054569968,0.658569363181761,-0.500224415556648
"359","USS0009J01S",11,2015,0.581582114195534,-0.272611151095274,-0.072925307566785,-0.838864247755912,0.303618609571448,-1.23417181903365,-0.356387569669197
"360","USS0009J01S",12,2015,-0.227924194809659,-0.080731593150705,-0.00767318787510403,-0.44589130099172,0.205084534722095,0.409609789078667,-0.492929819635021
"361","USS0009J01S",1,2016,-0.326854405959786,0.286344706506084,0.349016023644364,0.0131877450068134,0.0149764655622424,-0.811512026850696,-0.201050642305639
"362","USS0009J01S",2,2016,-0.93281411807536,1.79491454375836,1.09729523268557,1.51736367610562,0.21845134975537,1.24332718347532,-0.146065672476403
"363","USS0009J01S",3,2016,1.41686642244195,0.656464885042103,0.679445880382052,0.140581245868925,1.33947142310383,-0.141685221378211,0.688032594137413
"364","USS0009J01S",4,2016,0.681643255485993,0.489638209780987,1.06112039400839,-0.253261388690773,0.873412426418459,-0.76375376027965,0.867270378843617
"365","USS0009J01S",5,2016,1.17789192325673,-0.395930297053433,0.591571454624813,-0.893407891996729,0.199378497929907,-1.36338586829911,0.451375327937629
"366","USS0009J01S",6,2016,-0.96888290995615,1.53537690929023,2.03218265324406,1.17750094783022,1.50933166909708,1.15982513029856,0.290106222017743
"367","USS0009J01S",7,2016,-0.294323090757921,0.136313491866368,0.229060448018102,-0.0780141967838552,-0.679866568933675,-0.261168607965307,-0.0097112398100829
"368","USS0009J01S",8,2016,-0.863578161683267,-0.48372305855076,-0.3361735616238,-0.546902252375307,-0.227371062334172,-0.518227142094815,-0.393747033065672
"369","USS0009J01S",9,2016,2.66290215523054,0.142285792066057,0.657169112605737,-0.472000192427178,1.18047510028699,-0.262935193772264,0.562910049191853
"370","USS0009J01S",10,2016,-0.704853019664757,1.17694904252171,1.31606590817578,0.20638281516835,1.06698996324885,-1.19424779256405,0.57362133070632
"371","USS0009J01S",11,2016,-0.810923824789593,1.39045492843413,1.44928583332871,1.12227020025565,0.229311949860541,0.530862946817214,0.330326081738473
"372","USS0009J01S",12,2016,1.52796826211868,-0.080731593150705,-0.216942248108928,-0.253311938165261,0.411118534882717,-0.892555828603733,0.683133329825157
