"","sens","driver","vital.rate"
"1",0.220319280303192,"temp","all"
"2",0.301099127213102,"temp","all"
"3",0.366616902658322,"temp","all"
"4",0.26139687728879,"temp","all"
"5",0.276042547236192,"temp","all"
"6",0.32901071587326,"temp","all"
"7",0.324936721187202,"temp","all"
"8",0.19180117152235,"temp","all"
"9",0.270450699587567,"temp","all"
"10",0.27681279333175,"temp","all"
"11",0.263991194111687,"temp","all"
"12",0.22628779754428,"temp","all"
"13",0.188304856324573,"temp","all"
"14",0.286985130174171,"temp","all"
"15",0.272085073543676,"temp","all"
"16",0.259566754858361,"temp","all"
"17",0.18759209205824,"temp","all"
"18",0.233818607748342,"temp","all"
"19",0.289392619997986,"temp","all"
"20",0.318374132546694,"temp","all"
"21",0.236182989493678,"temp","all"
"22",0.266135942822133,"temp","all"
"23",0.255729858015384,"temp","all"
"24",0.320524295464783,"temp","all"
"25",0.275968299252094,"temp","all"
"26",0.284440701835109,"temp","all"
"27",0.330542478698845,"temp","all"
"28",0.267644130186804,"temp","all"
"29",0.243637266107592,"temp","all"
"30",0.315816909182513,"temp","all"
"31",0.332398056580363,"temp","all"
"32",0.329029785481524,"temp","all"
"33",0.289424782914803,"temp","all"
"34",0.222568800941936,"temp","all"
"35",0.266996705478939,"temp","all"
"36",0.319416970980299,"temp","all"
"37",0.235353274698689,"temp","all"
"38",0.314795098369194,"temp","all"
"39",0.301301904168252,"temp","all"
"40",0.29500977271495,"temp","all"
"41",0.343411755022166,"temp","all"
"42",0.252500824542413,"temp","all"
"43",0.255680727821637,"temp","all"
"44",0.234163805572999,"temp","all"
"45",0.20354221155093,"temp","all"
"46",0.257628972768999,"temp","all"
"47",0.340876616279187,"temp","all"
"48",0.201972586585436,"temp","all"
"49",0.23729113140821,"temp","all"
"50",0.282897161288583,"temp","all"
"51",0.278044747599298,"temp","all"
"52",0.270750600810023,"temp","all"
"53",0.318112864998066,"temp","all"
"54",0.296184631538219,"temp","all"
"55",0.332671252239119,"temp","all"
"56",0.313664000419843,"temp","all"
"57",0.295908309088594,"temp","all"
"58",0.243735269356436,"temp","all"
"59",0.397598661290294,"temp","all"
"60",0.274586406042649,"temp","all"
"61",0.290676363509261,"temp","all"
"62",0.290607077198652,"temp","all"
"63",0.342812840871457,"temp","all"
"64",0.271158767852029,"temp","all"
"65",0.260510082466411,"temp","all"
"66",0.285819859885972,"temp","all"
"67",0.264333572262645,"temp","all"
"68",0.271886977520734,"temp","all"
"69",0.26299920788279,"temp","all"
"70",0.293522282639576,"temp","all"
"71",0.215551626789347,"temp","all"
"72",0.304167852840313,"temp","all"
"73",0.363965554039608,"temp","all"
"74",0.27983002364367,"temp","all"
"75",0.227225678104971,"temp","all"
"76",0.315364956830281,"temp","all"
"77",0.384401539125911,"temp","all"
"78",0.229843861215119,"temp","all"
"79",0.305059478992882,"temp","all"
"80",0.214566406233491,"temp","all"
"81",0.232783386599237,"temp","all"
"82",0.300779061695964,"temp","all"
"83",0.321181149739811,"temp","all"
"84",0.235528095360741,"temp","all"
"85",0.322141689079785,"temp","all"
"86",0.328129881570201,"temp","all"
"87",0.265715129662363,"temp","all"
"88",0.352489387333667,"temp","all"
"89",0.264698130787755,"temp","all"
"90",0.27118054123086,"temp","all"
"91",0.329928986737553,"temp","all"
"92",0.227155253437414,"temp","all"
"93",0.355924636027626,"temp","all"
"94",0.312981659818025,"temp","all"
"95",0.285785647623134,"temp","all"
"96",0.272436436059737,"temp","all"
"97",0.270834492071544,"temp","all"
"98",0.232334024820703,"temp","all"
"99",0.200872652750457,"temp","all"
"100",0.292067369010458,"temp","all"
"101",0.192839572599202,"temp","all with cov"
"102",0.245907887337941,"temp","all with cov"
"103",0.281350058282521,"temp","all with cov"
"104",0.211475577833835,"temp","all with cov"
"105",0.147943909151892,"temp","all with cov"
"106",0.195240968644086,"temp","all with cov"
"107",0.265102710444319,"temp","all with cov"
"108",0.0674206742840987,"temp","all with cov"
"109",0.183653364098187,"temp","all with cov"
"110",0.200757131289689,"temp","all with cov"
"111",0.167489628684332,"temp","all with cov"
"112",0.190173527710382,"temp","all with cov"
"113",0.088739679371194,"temp","all with cov"
"114",0.219765304151217,"temp","all with cov"
"115",0.14717241387014,"temp","all with cov"
"116",0.168219389042212,"temp","all with cov"
"117",0.00714025495646886,"temp","all with cov"
"118",0.156848600766436,"temp","all with cov"
"119",0.201252748288597,"temp","all with cov"
"120",0.190399088404284,"temp","all with cov"
"121",0.186366615675459,"temp","all with cov"
"122",0.2001086669128,"temp","all with cov"
"123",0.15238211310025,"temp","all with cov"
"124",0.230598008480172,"temp","all with cov"
"125",0.223315056540915,"temp","all with cov"
"126",0.243740152492596,"temp","all with cov"
"127",0.256889483323797,"temp","all with cov"
"128",0.189050970064065,"temp","all with cov"
"129",0.197816050077937,"temp","all with cov"
"130",0.265201649648755,"temp","all with cov"
"131",0.227299175069457,"temp","all with cov"
"132",0.22587047901188,"temp","all with cov"
"133",0.254746609137116,"temp","all with cov"
"134",0.139873545185836,"temp","all with cov"
"135",0.2135359698562,"temp","all with cov"
"136",0.275147620402752,"temp","all with cov"
"137",0.128273735509415,"temp","all with cov"
"138",0.235800138366723,"temp","all with cov"
"139",0.227881223448951,"temp","all with cov"
"140",0.251258414448434,"temp","all with cov"
"141",0.254291089219998,"temp","all with cov"
"142",0.171392819981147,"temp","all with cov"
"143",0.161917496891278,"temp","all with cov"
"144",0.161557571356666,"temp","all with cov"
"145",0.114093858142029,"temp","all with cov"
"146",0.220022904970632,"temp","all with cov"
"147",0.257455125520214,"temp","all with cov"
"148",0.127166289146071,"temp","all with cov"
"149",0.1737018503248,"temp","all with cov"
"150",0.231293235954018,"temp","all with cov"
"151",0.202002281765278,"temp","all with cov"
"152",0.204592170200833,"temp","all with cov"
"153",0.282745208349724,"temp","all with cov"
"154",0.212056091474653,"temp","all with cov"
"155",0.288930070987528,"temp","all with cov"
"156",0.241334362933664,"temp","all with cov"
"157",0.203976934775617,"temp","all with cov"
"158",0.17496399253857,"temp","all with cov"
"159",0.353998147896134,"temp","all with cov"
"160",0.183439015214838,"temp","all with cov"
"161",0.200047952801526,"temp","all with cov"
"162",0.168987621000817,"temp","all with cov"
"163",0.23266210585169,"temp","all with cov"
"164",0.233905367503223,"temp","all with cov"
"165",0.1632550757734,"temp","all with cov"
"166",0.165707566628963,"temp","all with cov"
"167",0.236908951150784,"temp","all with cov"
"168",0.176921574897531,"temp","all with cov"
"169",0.181313763477441,"temp","all with cov"
"170",0.191735391141522,"temp","all with cov"
"171",0.160908169882942,"temp","all with cov"
"172",0.264647551259732,"temp","all with cov"
"173",0.27362596092122,"temp","all with cov"
"174",0.205364737922952,"temp","all with cov"
"175",0.116101358630309,"temp","all with cov"
"176",0.183307763117766,"temp","all with cov"
"177",0.332397200642193,"temp","all with cov"
"178",0.159714715888829,"temp","all with cov"
"179",0.194608819882376,"temp","all with cov"
"180",0.131147027014151,"temp","all with cov"
"181",0.0976868727414729,"temp","all with cov"
"182",0.257607794699212,"temp","all with cov"
"183",0.280802888577613,"temp","all with cov"
"184",0.0885531973422281,"temp","all with cov"
"185",0.223532743234055,"temp","all with cov"
"186",0.217212441510374,"temp","all with cov"
"187",0.194301817133399,"temp","all with cov"
"188",0.302220324204106,"temp","all with cov"
"189",0.129586704871912,"temp","all with cov"
"190",0.182364313049076,"temp","all with cov"
"191",0.253488790115939,"temp","all with cov"
"192",0.108162791095192,"temp","all with cov"
"193",0.285491461743105,"temp","all with cov"
"194",0.195795626419176,"temp","all with cov"
"195",0.249553469407007,"temp","all with cov"
"196",0.181622219768787,"temp","all with cov"
"197",0.13692683243123,"temp","all with cov"
"198",0.109734608617353,"temp","all with cov"
"199",0.0790274805812809,"temp","all with cov"
"200",0.153420311802574,"temp","all with cov"
"201",0.00331442060593091,"temp","R1"
"202",0.00422733303996567,"temp","R1"
"203",0.00901888894975797,"temp","R1"
"204",0.00624188232354152,"temp","R1"
"205",0.00392541588900702,"temp","R1"
"206",0.00825815141924434,"temp","R1"
"207",0.00882783957383708,"temp","R1"
"208",0.00112582349116386,"temp","R1"
"209",0.00440837509350769,"temp","R1"
"210",0.00490172613483782,"temp","R1"
"211",0.00522162380101705,"temp","R1"
"212",0.00233466766011553,"temp","R1"
"213",0.00197434754232488,"temp","R1"
"214",0.0058292253389706,"temp","R1"
"215",0.00308743492337483,"temp","R1"
"216",0.00349879343119465,"temp","R1"
"217",0.000219224474594235,"temp","R1"
"218",0.00186833399249546,"temp","R1"
"219",0.00579981636310628,"temp","R1"
"220",0.00554069895681229,"temp","R1"
"221",0.00230349480557862,"temp","R1"
"222",0.00421874775274158,"temp","R1"
"223",0.00395854858026995,"temp","R1"
"224",0.0068999692402299,"temp","R1"
"225",0.00334810222257162,"temp","R1"
"226",0.00635135751123127,"temp","R1"
"227",0.00740694246208729,"temp","R1"
"228",0.00588905277459342,"temp","R1"
"229",0.00329037244589195,"temp","R1"
"230",0.00616901261320529,"temp","R1"
"231",0.00690665752929512,"temp","R1"
"232",0.00891886443449021,"temp","R1"
"233",0.00989045117833433,"temp","R1"
"234",0.00244432468998788,"temp","R1"
"235",0.00404014214498859,"temp","R1"
"236",0.00843756693698612,"temp","R1"
"237",0.00256001796275105,"temp","R1"
"238",0.0109032483831014,"temp","R1"
"239",0.00683276969745677,"temp","R1"
"240",0.00589164955654909,"temp","R1"
"241",0.0116828904503224,"temp","R1"
"242",0.00314279755085256,"temp","R1"
"243",0.00366106709323699,"temp","R1"
"244",0.00234231449356743,"temp","R1"
"245",0.00175798290480575,"temp","R1"
"246",0.00685537677682725,"temp","R1"
"247",0.0098309415193278,"temp","R1"
"248",0.00197322523652575,"temp","R1"
"249",0.00140553544452886,"temp","R1"
"250",0.00717890559876158,"temp","R1"
"251",0.00432057256972027,"temp","R1"
"252",0.00479421787534663,"temp","R1"
"253",0.00867633295394259,"temp","R1"
"254",0.00666862595509979,"temp","R1"
"255",0.00731081335646697,"temp","R1"
"256",0.00838428620687144,"temp","R1"
"257",0.00443460069627656,"temp","R1"
"258",0.00319139465592769,"temp","R1"
"259",0.0170991770323564,"temp","R1"
"260",0.00515547484697622,"temp","R1"
"261",0.00707696252664857,"temp","R1"
"262",0.00305266313675102,"temp","R1"
"263",0.0101849395882778,"temp","R1"
"264",0.00817138587369722,"temp","R1"
"265",0.00378386827447818,"temp","R1"
"266",0.00436632302702761,"temp","R1"
"267",0.00297318544936848,"temp","R1"
"268",0.00430836042728426,"temp","R1"
"269",0.00508893861797583,"temp","R1"
"270",0.0042429303434938,"temp","R1"
"271",0.00288082674310344,"temp","R1"
"272",0.00748357687937422,"temp","R1"
"273",0.0147084882367277,"temp","R1"
"274",0.00454751039744493,"temp","R1"
"275",0.00153217912002274,"temp","R1"
"276",0.00902323036413999,"temp","R1"
"277",0.00906283520692294,"temp","R1"
"278",0.00254934410547092,"temp","R1"
"279",0.00436056763639166,"temp","R1"
"280",0.00291261810993441,"temp","R1"
"281",0.0042056161886276,"temp","R1"
"282",0.00940279471057423,"temp","R1"
"283",0.0138300112461561,"temp","R1"
"284",0.0020446952682478,"temp","R1"
"285",0.00494745336458912,"temp","R1"
"286",0.00622241513042331,"temp","R1"
"287",0.00545706753814506,"temp","R1"
"288",0.00894968639698661,"temp","R1"
"289",0.00378358619688531,"temp","R1"
"290",0.00401192801948746,"temp","R1"
"291",0.00863828026516553,"temp","R1"
"292",0.00188524885837109,"temp","R1"
"293",0.0119685506783434,"temp","R1"
"294",0.00715893334642268,"temp","R1"
"295",0.00455749875743897,"temp","R1"
"296",0.00443597231515226,"temp","R1"
"297",0.00478064849433401,"temp","R1"
"298",0.00288463807398302,"temp","R1"
"299",0.00313460392593555,"temp","R1"
"300",0.00456070416302057,"temp","R1"
"301",0.0248134730885019,"temp","R2"
"302",0.0374330703281642,"temp","R2"
"303",0.0218103886471089,"temp","R2"
"304",0.0339113316907041,"temp","R2"
"305",0.0342300125881056,"temp","R2"
"306",0.0359742436313353,"temp","R2"
"307",0.0401221705768669,"temp","R2"
"308",0.0391331455639537,"temp","R2"
"309",0.0354466146262291,"temp","R2"
"310",0.0368643191248196,"temp","R2"
"311",0.0358695222829457,"temp","R2"
"312",0.0289379183770323,"temp","R2"
"313",0.0413270863921016,"temp","R2"
"314",0.0322536605067714,"temp","R2"
"315",0.0266659119803765,"temp","R2"
"316",0.0346671161643136,"temp","R2"
"317",0.0652005999321012,"temp","R2"
"318",0.0307818756170418,"temp","R2"
"319",0.0372053388063694,"temp","R2"
"320",0.0302156914071828,"temp","R2"
"321",0.0290029864357323,"temp","R2"
"322",0.0298124044653746,"temp","R2"
"323",0.0419240446521967,"temp","R2"
"324",0.0312489752716563,"temp","R2"
"325",0.0275382797320924,"temp","R2"
"326",0.0327036556413663,"temp","R2"
"327",0.0316264436313564,"temp","R2"
"328",0.0392110750356243,"temp","R2"
"329",0.0318790673342173,"temp","R2"
"330",0.0306285448663873,"temp","R2"
"331",0.0328231148414721,"temp","R2"
"332",0.0412376902368851,"temp","R2"
"333",0.028032431074041,"temp","R2"
"334",0.0306148256689264,"temp","R2"
"335",0.0348797417525435,"temp","R2"
"336",0.0311097287074793,"temp","R2"
"337",0.0358912901131634,"temp","R2"
"338",0.0424845970966446,"temp","R2"
"339",0.0421609031674717,"temp","R2"
"340",0.0305015755318948,"temp","R2"
"341",0.0347954369862825,"temp","R2"
"342",0.0314294793143069,"temp","R2"
"343",0.042481134864286,"temp","R2"
"344",0.0294070788804784,"temp","R2"
"345",0.00485792879969192,"temp","R2"
"346",0.0347716511816683,"temp","R2"
"347",0.0406031869554081,"temp","R2"
"348",0.0335775896601096,"temp","R2"
"349",0.0215693219835051,"temp","R2"
"350",0.0365945133932751,"temp","R2"
"351",0.0379208592537729,"temp","R2"
"352",0.0335294845530425,"temp","R2"
"353",0.0336040380808386,"temp","R2"
"354",0.0375869023463281,"temp","R2"
"355",0.0334189777360939,"temp","R2"
"356",0.0342429337537944,"temp","R2"
"357",0.0268409630694158,"temp","R2"
"358",0.0339998247242871,"temp","R2"
"359",0.01980697703933,"temp","R2"
"360",0.0384198742623925,"temp","R2"
"361",0.0398290144960422,"temp","R2"
"362",0.0229803174390401,"temp","R2"
"363",0.0357680488360635,"temp","R2"
"364",0.0316051792465796,"temp","R2"
"365",0.0388926281471201,"temp","R2"
"366",0.0281748578026723,"temp","R2"
"367",0.022337120695714,"temp","R2"
"368",0.0317107621748733,"temp","R2"
"369",0.0321833351713993,"temp","R2"
"370",0.0287861149241895,"temp","R2"
"371",0.0318455292298567,"temp","R2"
"372",0.0316204407520096,"temp","R2"
"373",0.0419433201538463,"temp","R2"
"374",0.0310187540039996,"temp","R2"
"375",0.00332717300963188,"temp","R2"
"376",0.0434887196939674,"temp","R2"
"377",0.035645443720472,"temp","R2"
"378",0.0298244656279055,"temp","R2"
"379",0.0294308451191168,"temp","R2"
"380",0.0303053147549528,"temp","R2"
"381",0.00473862779054238,"temp","R2"
"382",0.0306019079565603,"temp","R2"
"383",0.0324445989110697,"temp","R2"
"384",0.00905002222990265,"temp","R2"
"385",0.0274541631502456,"temp","R2"
"386",0.0356264750162693,"temp","R2"
"387",0.0359134560431001,"temp","R2"
"388",0.0247320201051558,"temp","R2"
"389",0.0415764782048134,"temp","R2"
"390",0.0373687100016086,"temp","R2"
"391",0.0354063825172773,"temp","R2"
"392",0.0317387627920453,"temp","R2"
"393",0.0261737041286628,"temp","R2"
"394",0.0360561198354305,"temp","R2"
"395",0.0293948155029624,"temp","R2"
"396",0.0311817803922991,"temp","R2"
"397",0.0489772429470272,"temp","R2"
"398",0.0283239504771216,"temp","R2"
"399",0.0289092500168956,"temp","R2"
"400",0.0265707223964428,"temp","R2"
"401",0.00154582694130082,"temp","R3"
"402",0.00171264754019934,"temp","R3"
"403",0.00665560220758095,"temp","R3"
"404",0.00214108268003867,"temp","R3"
"405",0.00209639038825718,"temp","R3"
"406",0.00515033446672272,"temp","R3"
"407",0.00524749511756314,"temp","R3"
"408",0.000186796046470472,"temp","R3"
"409",0.00231917702674738,"temp","R3"
"410",0.0026270035092856,"temp","R3"
"411",0.00277505829011227,"temp","R3"
"412",0.000779283402078271,"temp","R3"
"413",0.000523020944558954,"temp","R3"
"414",0.00355219204401956,"temp","R3"
"415",0.00170329096397874,"temp","R3"
"416",0.00190184384917181,"temp","R3"
"417",0.00141491636792024,"temp","R3"
"418",0.000763743609482524,"temp","R3"
"419",0.0036150304724548,"temp","R3"
"420",0.00434003452391847,"temp","R3"
"421",0.000705733882052454,"temp","R3"
"422",0.00197598203461738,"temp","R3"
"423",0.00189099333859434,"temp","R3"
"424",0.0031687558219239,"temp","R3"
"425",0.00110797198811872,"temp","R3"
"426",0.00223671181848691,"temp","R3"
"427",0.00395190531118727,"temp","R3"
"428",0.00220118152213905,"temp","R3"
"429",0.00225537272850689,"temp","R3"
"430",0.0024534871000883,"temp","R3"
"431",0.0051461417992212,"temp","R3"
"432",0.00462316820824049,"temp","R3"
"433",0.00726510942669968,"temp","R3"
"434",0.00132822005002643,"temp","R3"
"435",0.00101375525723849,"temp","R3"
"436",0.00346021275935129,"temp","R3"
"437",0.000987560487788182,"temp","R3"
"438",0.00336468000636889,"temp","R3"
"439",0.00261340493109543,"temp","R3"
"440",0.00483011510777653,"temp","R3"
"441",0.00567078784418725,"temp","R3"
"442",0.00191202519528111,"temp","R3"
"443",0.00140496252178979,"temp","R3"
"444",0.00119054309880903,"temp","R3"
"445",0.000633507263897377,"temp","R3"
"446",0.00418377228310277,"temp","R3"
"447",0.00614477910035151,"temp","R3"
"448",0.00103976121528816,"temp","R3"
"449",0.000500209616601552,"temp","R3"
"450",0.00460217344359901,"temp","R3"
"451",0.00164422260409793,"temp","R3"
"452",0.00184026967889652,"temp","R3"
"453",0.00449032489276634,"temp","R3"
"454",0.00282014174212784,"temp","R3"
"455",0.00357356630982484,"temp","R3"
"456",0.00690657741626799,"temp","R3"
"457",0.00392790202165276,"temp","R3"
"458",0.00122691220279938,"temp","R3"
"459",0.0117017605816648,"temp","R3"
"460",0.00316146285054286,"temp","R3"
"461",0.00425443705839849,"temp","R3"
"462",0.00196737679488181,"temp","R3"
"463",0.00694213119674536,"temp","R3"
"464",0.0037629109791205,"temp","R3"
"465",0.00130697992064168,"temp","R3"
"466",0.00229305345494228,"temp","R3"
"467",0.00132065802800937,"temp","R3"
"468",0.00273066753433352,"temp","R3"
"469",0.0052048918406679,"temp","R3"
"470",0.00237709717489403,"temp","R3"
"471",0.00145816735902959,"temp","R3"
"472",0.00333122674320716,"temp","R3"
"473",0.00669379392897569,"temp","R3"
"474",0.00185081466703853,"temp","R3"
"475",0.000850550691269764,"temp","R3"
"476",0.00530285791045386,"temp","R3"
"477",0.00400647303677139,"temp","R3"
"478",0.00123671457566045,"temp","R3"
"479",0.00212199590620845,"temp","R3"
"480",0.00142328973613443,"temp","R3"
"481",0.00148160193926827,"temp","R3"
"482",0.00352858148011613,"temp","R3"
"483",0.00670124850594794,"temp","R3"
"484",0.000812200248052273,"temp","R3"
"485",0.00149437251067901,"temp","R3"
"486",0.0034046533332732,"temp","R3"
"487",0.00351287727233348,"temp","R3"
"488",0.00341204611627413,"temp","R3"
"489",0.00167027843323218,"temp","R3"
"490",0.00169838951181271,"temp","R3"
"491",0.00512719676883383,"temp","R3"
"492",0.00088588542803051,"temp","R3"
"493",0.00675293308097909,"temp","R3"
"494",0.00324990548215916,"temp","R3"
"495",0.00345752353509656,"temp","R3"
"496",0.00264190421669057,"temp","R3"
"497",0.00210893013414983,"temp","R3"
"498",0.00111826370337546,"temp","R3"
"499",0.00159861045958408,"temp","R3"
"500",0.00338964279841462,"temp","R3"
"501",0.024756581728681,"temp","R4"
"502",0.0389493186377015,"temp","R4"
"503",0.0825077904726737,"temp","R4"
"504",0.0256022536648462,"temp","R4"
"505",0.0290954666361615,"temp","R4"
"506",0.0479143074769134,"temp","R4"
"507",0.0506175891926703,"temp","R4"
"508",0.0042511151156432,"temp","R4"
"509",0.0289467754673898,"temp","R4"
"510",0.0329410671618064,"temp","R4"
"511",0.0291537673766991,"temp","R4"
"512",0.0187961109694641,"temp","R4"
"513",0.00113368487595577,"temp","R4"
"514",0.0404689539082744,"temp","R4"
"515",0.0290326879686217,"temp","R4"
"516",0.0235289131453691,"temp","R4"
"517",0.0217856709575657,"temp","R4"
"518",0.0185803326568381,"temp","R4"
"519",0.0384159985151639,"temp","R4"
"520",0.0453799703159996,"temp","R4"
"521",0.0160694600284382,"temp","R4"
"522",0.0295560123568249,"temp","R4"
"523",0.0190628782075205,"temp","R4"
"524",0.0479099267671088,"temp","R4"
"525",0.0284248441220654,"temp","R4"
"526",0.0299348037377168,"temp","R4"
"527",0.0516447731203216,"temp","R4"
"528",0.0268197591511709,"temp","R4"
"529",0.0273093954323383,"temp","R4"
"530",0.0458391552459929,"temp","R4"
"531",0.0578856551332676,"temp","R4"
"532",0.049125145693411,"temp","R4"
"533",0.0468814424436103,"temp","R4"
"534",0.0170928053498855,"temp","R4"
"535",0.0210516597978801,"temp","R4"
"536",0.0406885663891676,"temp","R4"
"537",0.0212080801499671,"temp","R4"
"538",0.0372894345896619,"temp","R4"
"539",0.0323436385400622,"temp","R4"
"540",0.0488334607992854,"temp","R4"
"541",0.0494780013688096,"temp","R4"
"542",0.0286607100633189,"temp","R4"
"543",0.0219199500573152,"temp","R4"
"544",0.0190104361029744,"temp","R4"
"545",0.00509508449847913,"temp","R4"
"546",0.0321658247106651,"temp","R4"
"547",0.0578010009068152,"temp","R4"
"548",0.00852010157639177,"temp","R4"
"549",0.0203060653967966,"temp","R4"
"550",0.0402363102481959,"temp","R4"
"551",0.0322293997758168,"temp","R4"
"552",0.0286362173209026,"temp","R4"
"553",0.0537695907024782,"temp","R4"
"554",0.0354159203120054,"temp","R4"
"555",0.04672128639407,"temp","R4"
"556",0.0468747482225835,"temp","R4"
"557",0.0442205211205713,"temp","R4"
"558",0.0189830251127873,"temp","R4"
"559",0.082231614018488,"temp","R4"
"560",0.0313168986723748,"temp","R4"
"561",0.0289506726830607,"temp","R4"
"562",0.0437029284144741,"temp","R4"
"563",0.0552612755561147,"temp","R4"
"564",0.0371462386372099,"temp","R4"
"565",0.017501728580771,"temp","R4"
"566",0.0349092325925159,"temp","R4"
"567",0.0318063531278468,"temp","R4"
"568",0.0263880172691406,"temp","R4"
"569",0.0313035563536919,"temp","R4"
"570",0.0405716890611342,"temp","R4"
"571",0.0180549469779547,"temp","R4"
"572",0.0406869311658212,"temp","R4"
"573",0.0514898780485463,"temp","R4"
"574",0.0319053240008914,"temp","R4"
"575",0.00717877507245151,"temp","R4"
"576",0.0357080634765266,"temp","R4"
"577",0.0626813961937542,"temp","R4"
"578",0.0190109603861258,"temp","R4"
"579",0.0449079775797439,"temp","R4"
"580",0.0140955689180077,"temp","R4"
"581",0.00566812466463971,"temp","R4"
"582",0.0384540290094158,"temp","R4"
"583",0.046113218065342,"temp","R4"
"584",0.0066484246789305,"temp","R4"
"585",0.0393865986020554,"temp","R4"
"586",0.044420112788172,"temp","R4"
"587",0.0299244668709477,"temp","R4"
"588",0.0480115799027933,"temp","R4"
"589",0.0172985870904792,"temp","R4"
"590",0.0271129896306229,"temp","R4"
"591",0.0541700068622191,"temp","R4"
"592",0.0127993972151789,"temp","R4"
"593",0.0571985803798782,"temp","R4"
"594",0.0389087104838063,"temp","R4"
"595",0.0428164503076043,"temp","R4"
"596",0.0312946390938496,"temp","R4"
"597",0.025508711016553,"temp","R4"
"598",0.0100158184472055,"temp","R4"
"599",0.0102725599484116,"temp","R4"
"600",0.0389579170747423,"temp","R4"
"601",0.0266934666769773,"temp","S1"
"602",0.0425150311095839,"temp","S1"
"603",0.0491026826002178,"temp","S1"
"604",0.0307414131852869,"temp","S1"
"605",0.0314738130805289,"temp","S1"
"606",0.0431141090520051,"temp","S1"
"607",0.0522613622421126,"temp","S1"
"608",0.0132206607897239,"temp","S1"
"609",0.0335854987317047,"temp","S1"
"610",0.0364538282676859,"temp","S1"
"611",0.0344757888194231,"temp","S1"
"612",0.0242821371523637,"temp","S1"
"613",0.0159334018843453,"temp","S1"
"614",0.0394327141245972,"temp","S1"
"615",0.0291806427939018,"temp","S1"
"616",0.0301726990559933,"temp","S1"
"617",0.00344163049280328,"temp","S1"
"618",0.0235706706228143,"temp","S1"
"619",0.0385676643578334,"temp","S1"
"620",0.0406721951965152,"temp","S1"
"621",0.0238368199555632,"temp","S1"
"622",0.0310516521184596,"temp","S1"
"623",0.0304433241042019,"temp","S1"
"624",0.0429150597277892,"temp","S1"
"625",0.0282783717590266,"temp","S1"
"626",0.0334585760568592,"temp","S1"
"627",0.0470529705661985,"temp","S1"
"628",0.0346636243702734,"temp","S1"
"629",0.0323435694000849,"temp","S1"
"630",0.0394455696307913,"temp","S1"
"631",0.0496074862033893,"temp","S1"
"632",0.0486579366347696,"temp","S1"
"633",0.0436583196979293,"temp","S1"
"634",0.02334638786584,"temp","S1"
"635",0.0278358039204638,"temp","S1"
"636",0.0388980928225993,"temp","S1"
"637",0.025831449705692,"temp","S1"
"638",0.044739760447655,"temp","S1"
"639",0.0421274912005828,"temp","S1"
"640",0.0427908328045422,"temp","S1"
"641",0.0522030387173436,"temp","S1"
"642",0.0289072759139913,"temp","S1"
"643",0.0325247768278664,"temp","S1"
"644",0.0246023582883137,"temp","S1"
"645",0.0187381271017838,"temp","S1"
"646",0.0403441972588107,"temp","S1"
"647",0.0540517929955279,"temp","S1"
"648",0.021414944489739,"temp","S1"
"649",0.0198100371168747,"temp","S1"
"650",0.0433955616460376,"temp","S1"
"651",0.0346177647749301,"temp","S1"
"652",0.0334971161989092,"temp","S1"
"653",0.0489886144408363,"temp","S1"
"654",0.0393860564492421,"temp","S1"
"655",0.0456430841486739,"temp","S1"
"656",0.0476630122139976,"temp","S1"
"657",0.0379947772026248,"temp","S1"
"658",0.0267497858461308,"temp","S1"
"659",0.0580633310526618,"temp","S1"
"660",0.0352280641985737,"temp","S1"
"661",0.0413422433996344,"temp","S1"
"662",0.0336033901517601,"temp","S1"
"663",0.0477989359420483,"temp","S1"
"664",0.0404759974873694,"temp","S1"
"665",0.0300776114634814,"temp","S1"
"666",0.0339014138375355,"temp","S1"
"667",0.026291986951589,"temp","S1"
"668",0.0332507637156098,"temp","S1"
"669",0.0362528144266294,"temp","S1"
"670",0.0360910248677712,"temp","S1"
"671",0.0268819967394927,"temp","S1"
"672",0.041012408506975,"temp","S1"
"673",0.0544611833028972,"temp","S1"
"674",0.0347472714590844,"temp","S1"
"675",0.022019802834645,"temp","S1"
"676",0.042927592114421,"temp","S1"
"677",0.0511489208660759,"temp","S1"
"678",0.0243394005795095,"temp","S1"
"679",0.0375444553322581,"temp","S1"
"680",0.0206659754458532,"temp","S1"
"681",0.0230924920622779,"temp","S1"
"682",0.0423168825079265,"temp","S1"
"683",0.048369826508036,"temp","S1"
"684",0.0214100170360663,"temp","S1"
"685",0.0358486564453855,"temp","S1"
"686",0.0447750914439796,"temp","S1"
"687",0.0380505812350189,"temp","S1"
"688",0.0386360101830153,"temp","S1"
"689",0.0293799932962424,"temp","S1"
"690",0.0325328998011908,"temp","S1"
"691",0.0496717282745331,"temp","S1"
"692",0.0221921762483669,"temp","S1"
"693",0.0499502353953172,"temp","S1"
"694",0.0431869156775761,"temp","S1"
"695",0.0379997394790999,"temp","S1"
"696",0.034518268184065,"temp","S1"
"697",0.0349323983482363,"temp","S1"
"698",0.021305683544035,"temp","S1"
"699",0.0204694186389115,"temp","S1"
"700",0.0335198742006118,"temp","S1"
"701",0.0227370057533049,"temp","S2"
"702",0.0332135712212225,"temp","S2"
"703",0.0482449269634913,"temp","S2"
"704",0.0229294215983731,"temp","S2"
"705",0.0247204538367136,"temp","S2"
"706",0.0388345983687821,"temp","S2"
"707",0.0362224967524008,"temp","S2"
"708",0.00996738229885014,"temp","S2"
"709",0.0325699756888786,"temp","S2"
"710",0.0263401549530199,"temp","S2"
"711",0.028443430543392,"temp","S2"
"712",0.0191030642573672,"temp","S2"
"713",0.0149404331609431,"temp","S2"
"714",0.0320411831388348,"temp","S2"
"715",0.0274938768274944,"temp","S2"
"716",0.0268313534928828,"temp","S2"
"717",0.00328915338432808,"temp","S2"
"718",0.0222975919440558,"temp","S2"
"719",0.0352756629260126,"temp","S2"
"720",0.0371551170959971,"temp","S2"
"721",0.0181492174196699,"temp","S2"
"722",0.0256737596262155,"temp","S2"
"723",0.0296333394413154,"temp","S2"
"724",0.0356214917211859,"temp","S2"
"725",0.0225204318747065,"temp","S2"
"726",0.0243433250709483,"temp","S2"
"727",0.0382108973067285,"temp","S2"
"728",0.0289577598596037,"temp","S2"
"729",0.0246719386911304,"temp","S2"
"730",0.035134017657597,"temp","S2"
"731",0.0311509980193415,"temp","S2"
"732",0.0377272590904504,"temp","S2"
"733",0.0416695565068165,"temp","S2"
"734",0.0197033359507552,"temp","S2"
"735",0.0277111380220726,"temp","S2"
"736",0.0362911606461879,"temp","S2"
"737",0.0210749635234862,"temp","S2"
"738",0.0361397750654613,"temp","S2"
"739",0.0363984438352738,"temp","S2"
"740",0.0297032652500585,"temp","S2"
"741",0.0384775113617416,"temp","S2"
"742",0.0277045634406863,"temp","S2"
"743",0.0286424464836719,"temp","S2"
"744",0.0214939487646635,"temp","S2"
"745",0.0158896459630851,"temp","S2"
"746",0.0339844612461267,"temp","S2"
"747",0.0421999514307576,"temp","S2"
"748",0.0194232308743717,"temp","S2"
"749",0.0190000456938978,"temp","S2"
"750",0.0363503022419626,"temp","S2"
"751",0.0316347995578874,"temp","S2"
"752",0.0288462342482943,"temp","S2"
"753",0.0402753796211444,"temp","S2"
"754",0.0308274675511914,"temp","S2"
"755",0.0347631985268985,"temp","S2"
"756",0.0362575933584331,"temp","S2"
"757",0.0275661327978264,"temp","S2"
"758",0.024083864442618,"temp","S2"
"759",0.0454814821361792,"temp","S2"
"760",0.0288478264407526,"temp","S2"
"761",0.035835664061998,"temp","S2"
"762",0.02535860552953,"temp","S2"
"763",0.040953810683486,"temp","S2"
"764",0.0372694553157409,"temp","S2"
"765",0.0299987122734276,"temp","S2"
"766",0.0315986282528394,"temp","S2"
"767",0.023740483338243,"temp","S2"
"768",0.030403373755407,"temp","S2"
"769",0.0232153422810017,"temp","S2"
"770",0.0324686762738538,"temp","S2"
"771",0.0218265837619398,"temp","S2"
"772",0.0324335073028288,"temp","S2"
"773",0.0510359784036703,"temp","S2"
"774",0.03140459011766,"temp","S2"
"775",0.018968056072389,"temp","S2"
"776",0.03301176393508,"temp","S2"
"777",0.0423401284241171,"temp","S2"
"778",0.0198177414481054,"temp","S2"
"779",0.032209373249291,"temp","S2"
"780",0.0248094451528032,"temp","S2"
"781",0.0206495393051841,"temp","S2"
"782",0.0378163952893752,"temp","S2"
"783",0.0349862438570301,"temp","S2"
"784",0.0227171177795444,"temp","S2"
"785",0.0308761058904152,"temp","S2"
"786",0.0377917325907284,"temp","S2"
"787",0.0274200124065061,"temp","S2"
"788",0.0358013299121856,"temp","S2"
"789",0.026089135752633,"temp","S2"
"790",0.0306054279747148,"temp","S2"
"791",0.038943725350067,"temp","S2"
"792",0.016049917903086,"temp","S2"
"793",0.0368253091875746,"temp","S2"
"794",0.0280701770179676,"temp","S2"
"795",0.0307327455710436,"temp","S2"
"796",0.0270047957200714,"temp","S2"
"797",0.0197779894448977,"temp","S2"
"798",0.0192637917637787,"temp","S2"
"799",0.0151498271486261,"temp","S2"
"800",0.0228790607961774,"temp","S2"
"801",0.0160578781499213,"temp","S3"
"802",0.0220928117475312,"temp","S3"
"803",0.0270993629769661,"temp","S3"
"804",0.0233271647775084,"temp","S3"
"805",0.0205822372118307,"temp","S3"
"806",0.0231135882083157,"temp","S3"
"807",0.0268535530584555,"temp","S3"
"808",0.0124470631575528,"temp","S3"
"809",0.0154050588589307,"temp","S3"
"810",0.0266401944975973,"temp","S3"
"811",0.0130744427512025,"temp","S3"
"812",0.0135199680072572,"temp","S3"
"813",0.0116054219199822,"temp","S3"
"814",0.0216879748742837,"temp","S3"
"815",0.0178095928850891,"temp","S3"
"816",0.0214694015187474,"temp","S3"
"817",0.013125055168583,"temp","S3"
"818",0.0147018830646315,"temp","S3"
"819",0.0196178227621078,"temp","S3"
"820",0.0121366325125964,"temp","S3"
"821",0.0247483237318439,"temp","S3"
"822",0.0212579370942422,"temp","S3"
"823",0.0133747870171522,"temp","S3"
"824",0.0253840815288885,"temp","S3"
"825",0.0186056903695276,"temp","S3"
"826",0.0221813384360573,"temp","S3"
"827",0.026699753900151,"temp","S3"
"828",0.0240448746172758,"temp","S3"
"829",0.0176414111775502,"temp","S3"
"830",0.0275417660051184,"temp","S3"
"831",0.0200462706164323,"temp","S3"
"832",0.0210239091498378,"temp","S3"
"833",0.0165783568856841,"temp","S3"
"834",0.0148018976294975,"temp","S3"
"835",0.0181795701087132,"temp","S3"
"836",0.0226199410590403,"temp","S3"
"837",0.0127208329251328,"temp","S3"
"838",0.030695749155454,"temp","S3"
"839",0.0247574604562643,"temp","S3"
"840",0.020921906994065,"temp","S3"
"841",0.0267149962545964,"temp","S3"
"842",0.0163968515502705,"temp","S3"
"843",0.011644878110715,"temp","S3"
"844",0.0175245088198375,"temp","S3"
"845",0.0170023425392646,"temp","S3"
"846",0.0216449905333342,"temp","S3"
"847",0.0184192504753075,"temp","S3"
"848",0.0116611592031013,"temp","S3"
"849",0.0131236407547712,"temp","S3"
"850",0.0192844582702717,"temp","S3"
"851",0.022408539986844,"temp","S3"
"852",0.0213537829087513,"temp","S3"
"853",0.024315626815461,"temp","S3"
"854",0.0231624137745966,"temp","S3"
"855",0.0292395436014974,"temp","S3"
"856",0.0198438620609581,"temp","S3"
"857",0.023153971041345,"temp","S3"
"858",0.0224818014307354,"temp","S3"
"859",0.0337798960491084,"temp","S3"
"860",0.022281088796217,"temp","S3"
"861",0.0174680998414005,"temp","S3"
"862",0.0218334886979323,"temp","S3"
"863",0.0257332882876825,"temp","S3"
"864",0.0186365778682211,"temp","S3"
"865",0.0194858848121569,"temp","S3"
"866",0.0148353826729373,"temp","S3"
"867",0.0167545271152791,"temp","S3"
"868",0.0183068891266101,"temp","S3"
"869",0.0143743977030372,"temp","S3"
"870",0.0169955019926975,"temp","S3"
"871",0.00915908058989359,"temp","S3"
"872",0.0289320067214198,"temp","S3"
"873",0.0280702236837863,"temp","S3"
"874",0.0185276392505617,"temp","S3"
"875",0.0112266163394467,"temp","S3"
"876",0.0207840943678181,"temp","S3"
"877",0.0344441680273079,"temp","S3"
"878",0.0153287207768197,"temp","S3"
"879",0.0246690767871165,"temp","S3"
"880",0.0126939952072877,"temp","S3"
"881",0.00778647404864733,"temp","S3"
"882",0.0289678095109139,"temp","S3"
"883",0.0338169252306037,"temp","S3"
"884",0.0101092188030881,"temp","S3"
"885",0.0261548848920058,"temp","S3"
"886",0.0250045121698476,"temp","S3"
"887",0.0183671759952688,"temp","S3"
"888",0.0337653701575373,"temp","S3"
"889",0.0183835210264449,"temp","S3"
"890",0.0194859272379575,"temp","S3"
"891",0.0240063429481409,"temp","S3"
"892",0.0152058845901551,"temp","S3"
"893",0.0335924705538613,"temp","S3"
"894",0.0253898586105117,"temp","S3"
"895",0.0196537880866557,"temp","S3"
"896",0.0191595134426024,"temp","S3"
"897",0.0159929225713164,"temp","S3"
"898",0.0165844994292839,"temp","S3"
"899",0.0163287158340932,"temp","S3"
"900",0.0236241489798526,"temp","S3"
"901",0.109263491812808,"temp","S4"
"902",0.0756884335182906,"temp","S4"
"903",0.0437286620919271,"temp","S4"
"904",0.0678662929575444,"temp","S4"
"905",0.0290423233948223,"temp","S4"
"906",0.0224434740953072,"temp","S4"
"907",0.0648175071928479,"temp","S4"
"908",0.0320946131546286,"temp","S4"
"909",0.0494308553387535,"temp","S4"
"910",0.0539645608215833,"temp","S4"
"911",0.041789887589998,"temp","S4"
"912",0.0881592719713853,"temp","S4"
"913",0.0421021523074837,"temp","S4"
"914",0.0592016900305347,"temp","S4"
"915",0.029143840594115,"temp","S4"
"916",0.047827414349527,"temp","S4"
"917",0.0114862778223099,"temp","S4"
"918",0.0586300166070085,"temp","S4"
"919",0.0462243786671014,"temp","S4"
"920",0.035255515326259,"temp","S4"
"921",0.078884096525194,"temp","S4"
"922",0.0615633018679221,"temp","S4"
"923",0.0450104494403996,"temp","S4"
"924",0.0479135954173542,"temp","S4"
"925",0.0774832301299807,"temp","S4"
"926",0.0896373128512864,"temp","S4"
"927",0.0563760769347069,"temp","S4"
"928",0.0522917186378917,"temp","S4"
"929",0.0766598181597277,"temp","S4"
"930",0.069431900456461,"temp","S4"
"931",0.0419234004547197,"temp","S4"
"932",0.0406441357841429,"temp","S4"
"933",0.0777339718885346,"temp","S4"
"934",0.0501362379415509,"temp","S4"
"935",0.0765187526825717,"temp","S4"
"936",0.0763943988468519,"temp","S4"
"937",0.033750719223962,"temp","S4"
"938",0.0508730697541314,"temp","S4"
"939",0.0609355207999248,"temp","S4"
"940",0.0719110516093978,"temp","S4"
"941",0.0541020167211232,"temp","S4"
"942",0.0502683977520402,"temp","S4"
"943",0.0499769962125536,"temp","S4"
"944",0.058759602466748,"temp","S4"
"945",0.0479411364773257,"temp","S4"
"946",0.0835021508605739,"temp","S4"
"947",0.0478593152551624,"temp","S4"
"948",0.0578492678448877,"temp","S4"
"949",0.0712876694592325,"temp","S4"
"950",0.0699291240641187,"temp","S4"
"951",0.054631025903445,"temp","S4"
"952",0.0617518713452683,"temp","S4"
"953",0.0890721941777048,"temp","S4"
"954",0.05058405337362,"temp","S4"
"955",0.0916311593597798,"temp","S4"
"956",0.0566780658223908,"temp","S4"
"957",0.0474321475283921,"temp","S4"
"958",0.0608807858505916,"temp","S4"
"959",0.0848458344930099,"temp","S4"
"960",0.0439691451192078,"temp","S4"
"961",0.0506012809768506,"temp","S4"
"962",0.0323774744658702,"temp","S4"
"963",0.034355357370475,"temp","S4"
"964",0.0834268110225907,"temp","S4"
"965",0.0474162611718377,"temp","S4"
"966",0.0339705902891541,"temp","S4"
"967",0.0954378070044463,"temp","S4"
"968",0.0477393400003582,"temp","S4"
"969",0.0576186952575682,"temp","S4"
"970",0.0421435779608524,"temp","S4"
"971",0.0697577039247793,"temp","S4"
"972",0.0903293979806638,"temp","S4"
"973",0.0461699525277744,"temp","S4"
"974",0.059583326316645,"temp","S4"
"975",0.0476092454077783,"temp","S4"
"976",0.0266522814343226,"temp","S4"
"977",0.0696662046146382,"temp","S4"
"978",0.0597255407957978,"temp","S4"
"979",0.0363717561097751,"temp","S4"
"980",0.0472883762080821,"temp","S4"
"981",0.0305337896749834,"temp","S4"
"982",0.0816196176997344,"temp","S4"
"983",0.0843732094109958,"temp","S4"
"984",0.0203511247560446,"temp","S4"
"985",0.0517588711316053,"temp","S4"
"986",0.0392561935507735,"temp","S4"
"987",0.0622098869423123,"temp","S4"
"988",0.0718307799560795,"temp","S4"
"989",0.0259722999467407,"temp","S4"
"990",0.0490054939372808,"temp","S4"
"991",0.0537392324534959,"temp","S4"
"992",0.0324276250164135,"temp","S4"
"993",0.0578645162515059,"temp","S4"
"994",0.0366308930921281,"temp","S4"
"995",0.0813245075605057,"temp","S4"
"996",0.0467876957442795,"temp","S4"
"997",0.0268015336752241,"temp","S4"
"998",0.0328096006104775,"temp","S4"
"999",0.0090903913758342,"temp","S4"
"1000",0.0217130687867162,"temp","S4"
"1001",0.180788360631322,"dens","all"
"1002",0.251290399410826,"dens","all"
"1003",0.134614106566257,"dens","all"
"1004",0.174248315777277,"dens","all"
"1005",0.161847510095947,"dens","all"
"1006",0.160868188988086,"dens","all"
"1007",0.223115833340464,"dens","all"
"1008",0.204009006570587,"dens","all"
"1009",0.184040805686352,"dens","all"
"1010",0.189809232192415,"dens","all"
"1011",0.16790968870398,"dens","all"
"1012",0.20729027362695,"dens","all"
"1013",0.21425251923982,"dens","all"
"1014",0.193478742301728,"dens","all"
"1015",0.141796374555288,"dens","all"
"1016",0.197974946838352,"dens","all"
"1017",0.211339518099997,"dens","all"
"1018",0.179912972430884,"dens","all"
"1019",0.172311037072018,"dens","all"
"1020",0.195812772546205,"dens","all"
"1021",0.239261419721303,"dens","all"
"1022",0.178049581996344,"dens","all"
"1023",0.210988970038299,"dens","all"
"1024",0.180716270961326,"dens","all"
"1025",0.182427405818772,"dens","all"
"1026",0.217851239066939,"dens","all"
"1027",0.207546418088099,"dens","all"
"1028",0.204767852124776,"dens","all"
"1029",0.213399769893297,"dens","all"
"1030",0.182467620796097,"dens","all"
"1031",0.179109023457205,"dens","all"
"1032",0.181698519068988,"dens","all"
"1033",0.188452578260056,"dens","all"
"1034",0.168971346754897,"dens","all"
"1035",0.226572802502476,"dens","all"
"1036",0.197378472706316,"dens","all"
"1037",0.119341433221342,"dens","all"
"1038",0.215261976565313,"dens","all"
"1039",0.253495964626904,"dens","all"
"1040",0.178485145235948,"dens","all"
"1041",0.253698065487066,"dens","all"
"1042",0.150542244444798,"dens","all"
"1043",0.206857757151834,"dens","all"
"1044",0.187817358758931,"dens","all"
"1045",0.212072927041911,"dens","all"
"1046",0.217285009513322,"dens","all"
"1047",0.172886592365436,"dens","all"
"1048",0.205913865983723,"dens","all"
"1049",0.153000870461434,"dens","all"
"1050",0.213593935620464,"dens","all"
"1051",0.176440780138552,"dens","all"
"1052",0.203195338865614,"dens","all"
"1053",0.215714103590556,"dens","all"
"1054",0.182003579352645,"dens","all"
"1055",0.254207879104708,"dens","all"
"1056",0.21282606666979,"dens","all"
"1057",0.176464010701235,"dens","all"
"1058",0.212690450518793,"dens","all"
"1059",0.23935725337366,"dens","all"
"1060",0.169565483107218,"dens","all"
"1061",0.246894444735526,"dens","all"
"1062",0.148931188633344,"dens","all"
"1063",0.166427687861867,"dens","all"
"1064",0.212526644238537,"dens","all"
"1065",0.233746247370937,"dens","all"
"1066",0.171305198097988,"dens","all"
"1067",0.17506687193028,"dens","all"
"1068",0.217468035343666,"dens","all"
"1069",0.206686393328247,"dens","all"
"1070",0.149448357764693,"dens","all"
"1071",0.20429101722488,"dens","all"
"1072",0.234770498258499,"dens","all"
"1073",0.229567098516624,"dens","all"
"1074",0.209952264296339,"dens","all"
"1075",0.231312024045121,"dens","all"
"1076",0.186651798887432,"dens","all"
"1077",0.192235693101258,"dens","all"
"1078",0.173978271788551,"dens","all"
"1079",0.144961473838186,"dens","all"
"1080",0.174290980021911,"dens","all"
"1081",0.204002495281288,"dens","all"
"1082",0.241253079722641,"dens","all"
"1083",0.219722188628369,"dens","all"
"1084",0.175754429443906,"dens","all"
"1085",0.181975407049322,"dens","all"
"1086",0.198453161176433,"dens","all"
"1087",0.225084104229361,"dens","all"
"1088",0.187665046991252,"dens","all"
"1089",0.187278463592009,"dens","all"
"1090",0.182908437320027,"dens","all"
"1091",0.196071034829245,"dens","all"
"1092",0.163537822547822,"dens","all"
"1093",0.222616189289873,"dens","all"
"1094",0.203006076464411,"dens","all"
"1095",0.193841662314849,"dens","all"
"1096",0.179682425372606,"dens","all"
"1097",0.163314972954046,"dens","all"
"1098",0.190128033263862,"dens","all"
"1099",0.144293782358387,"dens","all"
"1100",0.149182159763848,"dens","all"
"1101",0.143069973826805,"dens","all with cov"
"1102",0.1684841113837,"dens","all with cov"
"1103",0.0975861211665692,"dens","all with cov"
"1104",0.137239006377118,"dens","all with cov"
"1105",0.106906540059804,"dens","all with cov"
"1106",0.117166421868278,"dens","all with cov"
"1107",0.150933350383798,"dens","all with cov"
"1108",0.121219556455669,"dens","all with cov"
"1109",0.129687881604817,"dens","all with cov"
"1110",0.124755488740634,"dens","all with cov"
"1111",0.115345560321983,"dens","all with cov"
"1112",0.141245005897411,"dens","all with cov"
"1113",0.131469574356997,"dens","all with cov"
"1114",0.123793170364828,"dens","all with cov"
"1115",0.120753820517833,"dens","all with cov"
"1116",0.129437040308971,"dens","all with cov"
"1117",0.125772251505085,"dens","all with cov"
"1118",0.116386361244728,"dens","all with cov"
"1119",0.111573975697175,"dens","all with cov"
"1120",0.129627823833177,"dens","all with cov"
"1121",0.15572298147162,"dens","all with cov"
"1122",0.128176656566328,"dens","all with cov"
"1123",0.131685537751779,"dens","all with cov"
"1124",0.136755567474762,"dens","all with cov"
"1125",0.142834562385004,"dens","all with cov"
"1126",0.16988150141872,"dens","all with cov"
"1127",0.147785183507208,"dens","all with cov"
"1128",0.133751462886325,"dens","all with cov"
"1129",0.13397940254027,"dens","all with cov"
"1130",0.132977066530976,"dens","all with cov"
"1131",0.12556354248925,"dens","all with cov"
"1132",0.130506118566367,"dens","all with cov"
"1133",0.12832590427467,"dens","all with cov"
"1134",0.109014313593783,"dens","all with cov"
"1135",0.170172701256609,"dens","all with cov"
"1136",0.158122127695075,"dens","all with cov"
"1137",0.0955613085556394,"dens","all with cov"
"1138",0.156912838202054,"dens","all with cov"
"1139",0.177150490645171,"dens","all with cov"
"1140",0.119243267676382,"dens","all with cov"
"1141",0.169221058392426,"dens","all with cov"
"1142",0.0989222301999962,"dens","all with cov"
"1143",0.134169681133301,"dens","all with cov"
"1144",0.123029560388681,"dens","all with cov"
"1145",0.130133629925419,"dens","all with cov"
"1146",0.16058694252227,"dens","all with cov"
"1147",0.123963175967648,"dens","all with cov"
"1148",0.124175679979496,"dens","all with cov"
"1149",0.108681727859593,"dens","all with cov"
"1150",0.137586409389889,"dens","all with cov"
"1151",0.121597120388945,"dens","all with cov"
"1152",0.142813066174853,"dens","all with cov"
"1153",0.150200674425251,"dens","all with cov"
"1154",0.142659311301422,"dens","all with cov"
"1155",0.191336436676197,"dens","all with cov"
"1156",0.143488469662008,"dens","all with cov"
"1157",0.12220480595719,"dens","all with cov"
"1158",0.138334286500847,"dens","all with cov"
"1159",0.174797891230413,"dens","all with cov"
"1160",0.116776754115071,"dens","all with cov"
"1161",0.165675444873787,"dens","all with cov"
"1162",0.109877556438989,"dens","all with cov"
"1163",0.111300480068288,"dens","all with cov"
"1164",0.152137066372053,"dens","all with cov"
"1165",0.157442329040885,"dens","all with cov"
"1166",0.122625112601258,"dens","all with cov"
"1167",0.11642342489793,"dens","all with cov"
"1168",0.143879316206271,"dens","all with cov"
"1169",0.125026062271614,"dens","all with cov"
"1170",0.119324929643704,"dens","all with cov"
"1171",0.130134420089272,"dens","all with cov"
"1172",0.172504651906578,"dens","all with cov"
"1173",0.167767609177985,"dens","all with cov"
"1174",0.146324559131559,"dens","all with cov"
"1175",0.133378701237628,"dens","all with cov"
"1176",0.132781093507999,"dens","all with cov"
"1177",0.159680847201668,"dens","all with cov"
"1178",0.119925317996614,"dens","all with cov"
"1179",0.114011743501616,"dens","all with cov"
"1180",0.103749408542291,"dens","all with cov"
"1181",0.127007833478274,"dens","all with cov"
"1182",0.177296123132403,"dens","all with cov"
"1183",0.170362318092871,"dens","all with cov"
"1184",0.121379402310889,"dens","all with cov"
"1185",0.164397234458632,"dens","all with cov"
"1186",0.156099572279252,"dens","all with cov"
"1187",0.141162229439184,"dens","all with cov"
"1188",0.158623261819544,"dens","all with cov"
"1189",0.135199678732622,"dens","all with cov"
"1190",0.132635190291364,"dens","all with cov"
"1191",0.13094964820609,"dens","all with cov"
"1192",0.111414838078516,"dens","all with cov"
"1193",0.171604076799302,"dens","all with cov"
"1194",0.148299148507713,"dens","all with cov"
"1195",0.12743571266753,"dens","all with cov"
"1196",0.126772818440074,"dens","all with cov"
"1197",0.109474421438148,"dens","all with cov"
"1198",0.11871487725783,"dens","all with cov"
"1199",0.0981624386769732,"dens","all with cov"
"1200",0.105744750768507,"dens","all with cov"
"1201",0.000320824913357733,"dens","R1"
"1202",0.000188920425116696,"dens","R1"
"1203",0.00261315305198174,"dens","R1"
"1204",0.000661168371107348,"dens","R1"
"1205",8.2986749438653e-05,"dens","R1"
"1206",0.00138383357589812,"dens","R1"
"1207",0.00130198715072036,"dens","R1"
"1208",0.00210568444888421,"dens","R1"
"1209",0.000202788543992855,"dens","R1"
"1210",0.000478737948025554,"dens","R1"
"1211",0.000259274904376272,"dens","R1"
"1212",4.89619636698399e-05,"dens","R1"
"1213",0.00265239106880803,"dens","R1"
"1214",0.00080737858417655,"dens","R1"
"1215",0.000143549319454295,"dens","R1"
"1216",0.000172329618819466,"dens","R1"
"1217",0.00620555994103588,"dens","R1"
"1218",8.50254160930094e-05,"dens","R1"
"1219",0.000943601949271546,"dens","R1"
"1220",0.000361062683461044,"dens","R1"
"1221",0.000381636706596768,"dens","R1"
"1222",0.000398287150250454,"dens","R1"
"1223",0.000746907883290705,"dens","R1"
"1224",0.00105011368786637,"dens","R1"
"1225",0.000333121470275459,"dens","R1"
"1226",0.000561818255666429,"dens","R1"
"1227",0.00111524541087495,"dens","R1"
"1228",9.14642882519926e-05,"dens","R1"
"1229",5.3752223886363e-05,"dens","R1"
"1230",0.00120911284376602,"dens","R1"
"1231",0.00115256853764984,"dens","R1"
"1232",0.00140515819107001,"dens","R1"
"1233",0.00202409558764489,"dens","R1"
"1234",0.000222778428026141,"dens","R1"
"1235",3.72371103987841e-05,"dens","R1"
"1236",0.00131221332558513,"dens","R1"
"1237",0.000129795269280921,"dens","R1"
"1238",0.00106572871577309,"dens","R1"
"1239",0.000110445895774012,"dens","R1"
"1240",0.00115448194708952,"dens","R1"
"1241",0.000840401944995733,"dens","R1"
"1242",0.000432438179758934,"dens","R1"
"1243",0.000456290688070568,"dens","R1"
"1244",0.000138267597066918,"dens","R1"
"1245",0.00120283315819153,"dens","R1"
"1246",0.000518823825818421,"dens","R1"
"1247",0.00216605444069949,"dens","R1"
"1248",0.000926235065137741,"dens","R1"
"1249",0.000123362892940245,"dens","R1"
"1250",0.000895464703320013,"dens","R1"
"1251",0.00056917742374224,"dens","R1"
"1252",0.000220607562795549,"dens","R1"
"1253",0.00158774792112961,"dens","R1"
"1254",0.00067323234630643,"dens","R1"
"1255",0.000849766394434573,"dens","R1"
"1256",0.00106534221436593,"dens","R1"
"1257",0.000565931090615035,"dens","R1"
"1258",0.000281184251992298,"dens","R1"
"1259",0.00287283310270942,"dens","R1"
"1260",0.000527861816677425,"dens","R1"
"1261",0.000597256952596667,"dens","R1"
"1262",0.000368242109424013,"dens","R1"
"1263",0.00240901877740068,"dens","R1"
"1264",0.000976587363549099,"dens","R1"
"1265",0.000934484057400383,"dens","R1"
"1266",0.000155442206394583,"dens","R1"
"1267",0.000546106369596378,"dens","R1"
"1268",0.00035379732239217,"dens","R1"
"1269",7.01620076056531e-06,"dens","R1"
"1270",0.000630869907384349,"dens","R1"
"1271",0.000418238408993464,"dens","R1"
"1272",0.0008986217973858,"dens","R1"
"1273",0.00210271373645947,"dens","R1"
"1274",0.000140612271367308,"dens","R1"
"1275",0.00107618956296505,"dens","R1"
"1276",0.000461529053099269,"dens","R1"
"1277",0.00183568022110255,"dens","R1"
"1278",8.10904845120503e-05,"dens","R1"
"1279",0.000788205132513396,"dens","R1"
"1280",0.000443385360042534,"dens","R1"
"1281",0.00302470872385589,"dens","R1"
"1282",0.000944724051356724,"dens","R1"
"1283",0.00216972591513453,"dens","R1"
"1284",0.00134555492369338,"dens","R1"
"1285",0.000503491233297289,"dens","R1"
"1286",0.000544328544502704,"dens","R1"
"1287",0.000145360840860135,"dens","R1"
"1288",0.00166282458381669,"dens","R1"
"1289",0.000957214130450581,"dens","R1"
"1290",0.000164109067953343,"dens","R1"
"1291",0.00160897750385339,"dens","R1"
"1292",0.000579391799486833,"dens","R1"
"1293",0.0016438787564053,"dens","R1"
"1294",0.000186870799275319,"dens","R1"
"1295",0.000792547688697853,"dens","R1"
"1296",0.00023014667143328,"dens","R1"
"1297",0.000263054369374849,"dens","R1"
"1298",0.00132944122352634,"dens","R1"
"1299",0.00141033494415927,"dens","R1"
"1300",0.000405706660117169,"dens","R1"
"1301",1.88704002094071e-06,"dens","R2"
"1302",0.00025722481749883,"dens","R2"
"1303",0.00189256670336476,"dens","R2"
"1304",3.87056813810225e-06,"dens","R2"
"1305",0.000500417732978117,"dens","R2"
"1306",0.000354233366840909,"dens","R2"
"1307",0.000355226828378515,"dens","R2"
"1308",0.00212002533093545,"dens","R2"
"1309",0.000292805731165736,"dens","R2"
"1310",0.000106999479927535,"dens","R2"
"1311",0.000446933019400298,"dens","R2"
"1312",0.000297982189307612,"dens","R2"
"1313",0.00255768916709736,"dens","R2"
"1314",0.000143946936781726,"dens","R2"
"1315",0.000245627554997684,"dens","R2"
"1316",0.000629880247520834,"dens","R2"
"1317",0.00552516624786257,"dens","R2"
"1318",0.00022988101994432,"dens","R2"
"1319",0.000252135581251647,"dens","R2"
"1320",0.000336197442479396,"dens","R2"
"1321",0.000641918460084532,"dens","R2"
"1322",6.89511265319719e-05,"dens","R2"
"1323",0.00123690184901535,"dens","R2"
"1324",0.000292156642450979,"dens","R2"
"1325",5.96626863623267e-06,"dens","R2"
"1326",2.39631071246764e-05,"dens","R2"
"1327",0.00038841744547831,"dens","R2"
"1328",0.000663262748047354,"dens","R2"
"1329",0.000340500637210862,"dens","R2"
"1330",0.000498306585931547,"dens","R2"
"1331",0.000465290012044159,"dens","R2"
"1332",0.000315442508390577,"dens","R2"
"1333",0.00104238599629707,"dens","R2"
"1334",0.00050953786213514,"dens","R2"
"1335",0.00031857152054065,"dens","R2"
"1336",0.00041951918525398,"dens","R2"
"1337",0.000177395891589044,"dens","R2"
"1338",0.00015658903434165,"dens","R2"
"1339",0.000742077925921202,"dens","R2"
"1340",0.000617419909036476,"dens","R2"
"1341",0.000569753064886953,"dens","R2"
"1342",5.028401515081e-05,"dens","R2"
"1343",0.000775721486102873,"dens","R2"
"1344",0.000451552358767616,"dens","R2"
"1345",0.00163072899883216,"dens","R2"
"1346",0.000269585902226731,"dens","R2"
"1347",0.00112520397559912,"dens","R2"
"1348",0.0011458241958846,"dens","R2"
"1349",2.78233672440479e-05,"dens","R2"
"1350",7.17287967814676e-05,"dens","R2"
"1351",5.43700998793022e-05,"dens","R2"
"1352",0.000327785777492526,"dens","R2"
"1353",0.000742686026757059,"dens","R2"
"1354",6.31742215141078e-05,"dens","R2"
"1355",0.00019406439707564,"dens","R2"
"1356",0.000141498437385559,"dens","R2"
"1357",7.5438380094252e-05,"dens","R2"
"1358",0.000613006034962041,"dens","R2"
"1359",0.00188988500795774,"dens","R2"
"1360",8.34256077839827e-05,"dens","R2"
"1361",0.00173724390200015,"dens","R2"
"1362",1.94167860084786e-05,"dens","R2"
"1363",0.00126276512208855,"dens","R2"
"1364",0.000113942778071939,"dens","R2"
"1365",0.00146584756211932,"dens","R2"
"1366",0.00038946422303916,"dens","R2"
"1367",0.000244025856594392,"dens","R2"
"1368",0.00103250042296363,"dens","R2"
"1369",0.000791237846620925,"dens","R2"
"1370",0.000173037285138151,"dens","R2"
"1371",0.000693290298360338,"dens","R2"
"1372",0.000161283602026963,"dens","R2"
"1373",0.000370338208350117,"dens","R2"
"1374",0.000357990875478751,"dens","R2"
"1375",0.00171556130404373,"dens","R2"
"1376",0.000666558251526022,"dens","R2"
"1377",0.000876348383405866,"dens","R2"
"1378",0.00033046472489188,"dens","R2"
"1379",0.000304661456879326,"dens","R2"
"1380",0.000888916758295974,"dens","R2"
"1381",0.00372764282600955,"dens","R2"
"1382",2.01998556051178e-05,"dens","R2"
"1383",0.000868442280940981,"dens","R2"
"1384",0.00145241761928001,"dens","R2"
"1385",2.07972089979222e-07,"dens","R2"
"1386",0.000162404130176931,"dens","R2"
"1387",0.00100083307344753,"dens","R2"
"1388",0.000825616718162449,"dens","R2"
"1389",0.00120681912658233,"dens","R2"
"1390",0.000277760119540347,"dens","R2"
"1391",0.000702761907265166,"dens","R2"
"1392",0.00100958627182281,"dens","R2"
"1393",0.000526949108049199,"dens","R2"
"1394",0.00072246498279794,"dens","R2"
"1395",0.000332405994561573,"dens","R2"
"1396",0.000394936309601955,"dens","R2"
"1397",0.000921622836086608,"dens","R2"
"1398",0.00196166757856907,"dens","R2"
"1399",0.00209365918492752,"dens","R2"
"1400",0.000197137747278366,"dens","R2"
"1401",2.63498386429736e-05,"dens","R3"
"1402",0.000139657464101875,"dens","R3"
"1403",0.0018697720794846,"dens","R3"
"1404",4.02933938439326e-05,"dens","R3"
"1405",0.000285239783854185,"dens","R3"
"1406",0.000463317743482515,"dens","R3"
"1407",0.000402828165426241,"dens","R3"
"1408",0.00162313189169099,"dens","R3"
"1409",0.000208278040860601,"dens","R3"
"1410",2.69840571868485e-05,"dens","R3"
"1411",0.000242356296204909,"dens","R3"
"1412",0.000149956880316716,"dens","R3"
"1413",0.00217167978484436,"dens","R3"
"1414",0.000194633924432848,"dens","R3"
"1415",0.000148698912029418,"dens","R3"
"1416",0.000472090442742685,"dens","R3"
"1417",0.00522208757313962,"dens","R3"
"1418",0.000184037848324782,"dens","R3"
"1419",0.000300229492029966,"dens","R3"
"1420",0.000267342183879834,"dens","R3"
"1421",0.000320075885851526,"dens","R3"
"1422",1.37845106390309e-05,"dens","R3"
"1423",0.00093636634768137,"dens","R3"
"1424",0.000266221294071437,"dens","R3"
"1425",1.71643501653921e-05,"dens","R3"
"1426",2.18007396307729e-05,"dens","R3"
"1427",0.000331373001668915,"dens","R3"
"1428",0.000313008083832375,"dens","R3"
"1429",0.000302499354853166,"dens","R3"
"1430",0.000387414249988561,"dens","R3"
"1431",0.00050723704845464,"dens","R3"
"1432",0.000382141376367986,"dens","R3"
"1433",0.00123934515813694,"dens","R3"
"1434",0.000424920390426964,"dens","R3"
"1435",0.000176296235596922,"dens","R3"
"1436",0.000394777375285583,"dens","R3"
"1437",8.51858527339954e-05,"dens","R3"
"1438",1.45254247436126e-05,"dens","R3"
"1439",0.000493627242740475,"dens","R3"
"1440",0.000734835349782324,"dens","R3"
"1441",0.000255900583632836,"dens","R3"
"1442",8.86675461726193e-05,"dens","R3"
"1443",0.000532574824622772,"dens","R3"
"1444",0.000313284813842786,"dens","R3"
"1445",0.00101376407167342,"dens","R3"
"1446",0.000133886561571117,"dens","R3"
"1447",0.00109452055840491,"dens","R3"
"1448",0.00111195495508229,"dens","R3"
"1449",8.51958203145217e-06,"dens","R3"
"1450",0.000163735759560626,"dens","R3"
"1451",6.9407551293111e-05,"dens","R3"
"1452",0.00015736606657915,"dens","R3"
"1453",0.000677117009968818,"dens","R3"
"1454",1.16310960013547e-05,"dens","R3"
"1455",0.000203756568548191,"dens","R3"
"1456",0.000291369575180525,"dens","R3"
"1457",0.000162205994952885,"dens","R3"
"1458",0.00038597763949974,"dens","R3"
"1459",0.00187941357744497,"dens","R3"
"1460",1.68539706643133e-05,"dens","R3"
"1461",0.00131005469668333,"dens","R3"
"1462",5.47366724202036e-05,"dens","R3"
"1463",0.00131189206315829,"dens","R3"
"1464",0.000158086754664235,"dens","R3"
"1465",0.000792074184847887,"dens","R3"
"1466",0.000245980067064011,"dens","R3"
"1467",0.000194678492264362,"dens","R3"
"1468",0.000827282908684824,"dens","R3"
"1469",0.000878559496140372,"dens","R3"
"1470",0.000177357482167107,"dens","R3"
"1471",0.000604854194880037,"dens","R3"
"1472",0.000186271217325164,"dens","R3"
"1473",0.000456896126525699,"dens","R3"
"1474",0.000201407355573541,"dens","R3"
"1475",0.00140200297943045,"dens","R3"
"1476",0.000461348707926989,"dens","R3"
"1477",0.000749851702389547,"dens","R3"
"1478",0.000267223888474434,"dens","R3"
"1479",0.000251210367962222,"dens","R3"
"1480",0.000611286953038024,"dens","R3"
"1481",0.00253218435939873,"dens","R3"
"1482",5.71051008858425e-05,"dens","R3"
"1483",0.000816925082246679,"dens","R3"
"1484",0.00124773902352315,"dens","R3"
"1485",2.84049073198255e-05,"dens","R3"
"1486",6.09847310098996e-05,"dens","R3"
"1487",0.000736327693266251,"dens","R3"
"1488",0.000568258361324921,"dens","R3"
"1489",0.00102977027872147,"dens","R3"
"1490",0.000166688588718705,"dens","R3"
"1491",0.000658371300666949,"dens","R3"
"1492",0.000640207830961916,"dens","R3"
"1493",0.000535151107374431,"dens","R3"
"1494",0.000393471668041688,"dens","R3"
"1495",0.000426283456258385,"dens","R3"
"1496",0.000209884614563325,"dens","R3"
"1497",0.000551180292218388,"dens","R3"
"1498",0.00117487539038538,"dens","R3"
"1499",0.00164989353244165,"dens","R3"
"1500",9.5018156938046e-05,"dens","R3"
"1501",0.00251908162330739,"dens","R4"
"1502",0.0106356345109617,"dens","R4"
"1503",0.0282700031965095,"dens","R4"
"1504",0.00264483188156541,"dens","R4"
"1505",0.0102647617359455,"dens","R4"
"1506",6.07110925832485e-05,"dens","R4"
"1507",0.000463279181452527,"dens","R4"
"1508",0.0319104010258444,"dens","R4"
"1509",0.0081412062430696,"dens","R4"
"1510",0.00503045323782051,"dens","R4"
"1511",0.00804360064702395,"dens","R4"
"1512",0.00864521659658593,"dens","R4"
"1513",0.0290112462838596,"dens","R4"
"1514",0.00195859768045063,"dens","R4"
"1515",0.00804796829449882,"dens","R4"
"1516",0.0128250889851761,"dens","R4"
"1517",0.0484628001245757,"dens","R4"
"1518",0.00987903187661368,"dens","R4"
"1519",0.000330487657120775,"dens","R4"
"1520",0.0106915124621329,"dens","R4"
"1521",0.0148549732528331,"dens","R4"
"1522",0.00431959825545165,"dens","R4"
"1523",0.019007756212528,"dens","R4"
"1524",0.0001348445416855,"dens","R4"
"1525",0.0029823219751114,"dens","R4"
"1526",0.00342923879384286,"dens","R4"
"1527",0.000239302912181969,"dens","R4"
"1528",0.00979494934387485,"dens","R4"
"1529",0.00978165551802518,"dens","R4"
"1530",0.00602669723800877,"dens","R4"
"1531",0.00135447996844854,"dens","R4"
"1532",0.000285266319116886,"dens","R4"
"1533",0.007306861293598,"dens","R4"
"1534",0.011442956721009,"dens","R4"
"1535",0.00897859237744557,"dens","R4"
"1536",0.0027690770778103,"dens","R4"
"1537",0.00577382995034618,"dens","R4"
"1538",0.00534383395777496,"dens","R4"
"1539",0.0146013362533444,"dens","R4"
"1540",0.00612055120941356,"dens","R4"
"1541",0.0103898211031439,"dens","R4"
"1542",0.00183784491943001,"dens","R4"
"1543",0.0170604867126826,"dens","R4"
"1544",0.0108905682268317,"dens","R4"
"1545",0.0224441936436313,"dens","R4"
"1546",0.00608791960445237,"dens","R4"
"1547",0.00861243008568728,"dens","R4"
"1548",0.0203468546289743,"dens","R4"
"1549",0.00323472293198419,"dens","R4"
"1550",0.00317503699096946,"dens","R4"
"1551",0.00223997460077298,"dens","R4"
"1552",0.00789452533491416,"dens","R4"
"1553",0.00733976234916886,"dens","R4"
"1554",0.00455488057265731,"dens","R4"
"1555",0.00123922477032126,"dens","R4"
"1556",0.00313408641950753,"dens","R4"
"1557",0.00299090974421132,"dens","R4"
"1558",0.0125815722303821,"dens","R4"
"1559",0.0168920739659874,"dens","R4"
"1560",0.00454323973856036,"dens","R4"
"1561",0.0189637106985713,"dens","R4"
"1562",0.00395480484626948,"dens","R4"
"1563",0.00831469771171388,"dens","R4"
"1564",0.00237497628205245,"dens","R4"
"1565",0.0214460963065718,"dens","R4"
"1566",0.0108176573940399,"dens","R4"
"1567",0.00397994543867938,"dens","R4"
"1568",0.0170439061862522,"dens","R4"
"1569",0.0128720731411789,"dens","R4"
"1570",0.000540016294815239,"dens","R4"
"1571",0.0153732820016258,"dens","R4"
"1572",0.00137052481825432,"dens","R4"
"1573",0.0013722591290802,"dens","R4"
"1574",0.0100755543402252,"dens","R4"
"1575",0.0328654478324537,"dens","R4"
"1576",0.00980725179968473,"dens","R4"
"1577",0.0131491277925362,"dens","R4"
"1578",0.00937078635958153,"dens","R4"
"1579",0.00242682959391036,"dens","R4"
"1580",0.0122197892798016,"dens","R4"
"1581",0.0291622926399919,"dens","R4"
"1582",0.0041154756461307,"dens","R4"
"1583",0.00396476763217956,"dens","R4"
"1584",0.0276036768753677,"dens","R4"
"1585",0.00394097921806074,"dens","R4"
"1586",0.00733358946953809,"dens","R4"
"1587",0.0144093897529275,"dens","R4"
"1588",0.00799493616148922,"dens","R4"
"1589",0.021557269070952,"dens","R4"
"1590",0.00797934333477363,"dens","R4"
"1591",0.00379337981624754,"dens","R4"
"1592",0.0189213027504816,"dens","R4"
"1593",0.000293946523776906,"dens","R4"
"1594",0.0129993038124753,"dens","R4"
"1595",0.0034161083119133,"dens","R4"
"1596",0.00829248149456512,"dens","R4"
"1597",0.014334586342079,"dens","R4"
"1598",0.0234513528129459,"dens","R4"
"1599",0.0237630109585558,"dens","R4"
"1600",0.00705392200128665,"dens","R4"
"1601",0.00522663243703186,"dens","S1"
"1602",0.00491677741901021,"dens","S1"
"1603",0.0219073453024852,"dens","S1"
"1604",0.00574489450119743,"dens","S1"
"1605",0.00252459705789634,"dens","S1"
"1606",0.00942216459024425,"dens","S1"
"1607",0.0118183709001809,"dens","S1"
"1608",0.0124469942571522,"dens","S1"
"1609",0.00365099071854412,"dens","S1"
"1610",0.00575098868400229,"dens","S1"
"1611",0.00375165794789958,"dens","S1"
"1612",0.00120166842214082,"dens","S1"
"1613",0.0113921846057651,"dens","S1"
"1614",0.00801081907552161,"dens","S1"
"1615",0.00321532733527843,"dens","S1"
"1616",0.000700934402156471,"dens","S1"
"1617",0.0227022167083484,"dens","S1"
"1618",0.000632587415890858,"dens","S1"
"1619",0.00840725585595087,"dens","S1"
"1620",0.0048372502374919,"dens","S1"
"1621",0.00175571233110924,"dens","S1"
"1622",0.00515167856145607,"dens","S1"
"1623",0.00247689035060321,"dens","S1"
"1624",0.00999160662580145,"dens","S1"
"1625",0.00546627795671249,"dens","S1"
"1626",0.00635206789514325,"dens","S1"
"1627",0.0110546892749425,"dens","S1"
"1628",0.00271341717293249,"dens","S1"
"1629",0.00266590242219832,"dens","S1"
"1630",0.012390673464895,"dens","S1"
"1631",0.0116956214839966,"dens","S1"
"1632",0.0107774910643932,"dens","S1"
"1633",0.0141063358904105,"dens","S1"
"1634",0.000242103458030582,"dens","S1"
"1635",0.00168938042160353,"dens","S1"
"1636",0.011044932447357,"dens","S1"
"1637",0.00289574337120214,"dens","S1"
"1638",0.00727500416413504,"dens","S1"
"1639",0.00217660095918096,"dens","S1"
"1640",0.0131872406833848,"dens","S1"
"1641",0.00688201895472043,"dens","S1"
"1642",0.00564820023475842,"dens","S1"
"1643",0.00118887749931011,"dens","S1"
"1644",0.000369583763873826,"dens","S1"
"1645",0.00739441027149014,"dens","S1"
"1646",0.00595266559760655,"dens","S1"
"1647",0.0166409338346365,"dens","S1"
"1648",0.00572545681836375,"dens","S1"
"1649",0.00323128848103157,"dens","S1"
"1650",0.00822491243700853,"dens","S1"
"1651",0.00676685482694147,"dens","S1"
"1652",0.00377752139277657,"dens","S1"
"1653",0.0157847524981514,"dens","S1"
"1654",0.00680167544757025,"dens","S1"
"1655",0.0108563331511063,"dens","S1"
"1656",0.0093215401979204,"dens","S1"
"1657",0.00740918791150322,"dens","S1"
"1658",0.000241001671643959,"dens","S1"
"1659",0.022652981701173,"dens","S1"
"1660",0.00563057489585111,"dens","S1"
"1661",0.000257862297922306,"dens","S1"
"1662",0.00607267224059861,"dens","S1"
"1663",0.0141714736330206,"dens","S1"
"1664",0.00826161862580915,"dens","S1"
"1665",0.00380580579834258,"dens","S1"
"1666",0.00322764000401553,"dens","S1"
"1667",0.00855831166190733,"dens","S1"
"1668",0.000139161029780641,"dens","S1"
"1669",0.00223720514633517,"dens","S1"
"1670",0.00815116142669135,"dens","S1"
"1671",0.00148359447166789,"dens","S1"
"1672",0.0093596917252575,"dens","S1"
"1673",0.0116040681863822,"dens","S1"
"1674",0.00338853466100559,"dens","S1"
"1675",0.00845213218798247,"dens","S1"
"1676",0.00460691890791745,"dens","S1"
"1677",0.0194531845136023,"dens","S1"
"1678",0.000940214196782399,"dens","S1"
"1679",0.00964400640035282,"dens","S1"
"1680",0.00112297725664934,"dens","S1"
"1681",0.00932321853989763,"dens","S1"
"1682",0.00787214320134749,"dens","S1"
"1683",0.0140947799484548,"dens","S1"
"1684",0.007982215007382,"dens","S1"
"1685",0.00696336773561142,"dens","S1"
"1686",0.00693771653317326,"dens","S1"
"1687",0.00157295621626303,"dens","S1"
"1688",0.0135650117359024,"dens","S1"
"1689",0.00373081637463808,"dens","S1"
"1690",0.00340140479644536,"dens","S1"
"1691",0.0130085058845514,"dens","S1"
"1692",0.00364786865844908,"dens","S1"
"1693",0.0120066118475625,"dens","S1"
"1694",0.0038088076470613,"dens","S1"
"1695",0.0108932414129362,"dens","S1"
"1696",0.00394974739694231,"dens","S1"
"1697",0.000662603959549457,"dens","S1"
"1698",0.00542380486201327,"dens","S1"
"1699",0.00506301551949448,"dens","S1"
"1700",0.00465634293264731,"dens","S1"
"1701",0.00357506496351992,"dens","S2"
"1702",0.00259302966322414,"dens","S2"
"1703",0.0153098350186213,"dens","S2"
"1704",0.00338287115321278,"dens","S2"
"1705",0.000352231668469148,"dens","S2"
"1706",0.00517087252080888,"dens","S2"
"1707",0.00670859398812822,"dens","S2"
"1708",0.00826521903694736,"dens","S2"
"1709",0.000791895867448983,"dens","S2"
"1710",0.00310006946732047,"dens","S2"
"1711",0.000820572466533238,"dens","S2"
"1712",0.000172598268415082,"dens","S2"
"1713",0.00910586703754466,"dens","S2"
"1714",0.00438907341493951,"dens","S2"
"1715",0.000624829705686812,"dens","S2"
"1716",0.00100790143414577,"dens","S2"
"1717",0.0142198501769868,"dens","S2"
"1718",0.000433333424184752,"dens","S2"
"1719",0.00405100966529728,"dens","S2"
"1720",0.00162480725614218,"dens","S2"
"1721",0.00155713499894994,"dens","S2"
"1722",0.0029408578677795,"dens","S2"
"1723",0.00397341202313259,"dens","S2"
"1724",0.00589921701771486,"dens","S2"
"1725",0.00349969530901317,"dens","S2"
"1726",0.00439398813000892,"dens","S2"
"1727",0.0055657250800616,"dens","S2"
"1728",0.000262473484988813,"dens","S2"
"1729",0.00130802733217345,"dens","S2"
"1730",0.00839062795847557,"dens","S2"
"1731",0.00613737012330463,"dens","S2"
"1732",0.00677535798318477,"dens","S2"
"1733",0.00902855210220184,"dens","S2"
"1734",0.000955787150117527,"dens","S2"
"1735",0.000327897690246651,"dens","S2"
"1736",0.00717526963499122,"dens","S2"
"1737",0.00101930298792819,"dens","S2"
"1738",0.00359080747112219,"dens","S2"
"1739",0.000154155924735944,"dens","S2"
"1740",0.00791405180231734,"dens","S2"
"1741",0.00301734952540701,"dens","S2"
"1742",0.00285762528213417,"dens","S2"
"1743",0.00217999455863446,"dens","S2"
"1744",0.00089387488208123,"dens","S2"
"1745",0.00571113339043688,"dens","S2"
"1746",0.00236593275633091,"dens","S2"
"1747",0.00944675495090861,"dens","S2"
"1748",0.00522147497377386,"dens","S2"
"1749",0.00176998246663571,"dens","S2"
"1750",0.00454926864590639,"dens","S2"
"1751",0.00346141255993135,"dens","S2"
"1752",0.00125636548765516,"dens","S2"
"1753",0.010356871041395,"dens","S2"
"1754",0.00379590940328624,"dens","S2"
"1755",0.00626389347022567,"dens","S2"
"1756",0.00480711822441255,"dens","S2"
"1757",0.00415290243474702,"dens","S2"
"1758",0.0014302857115197,"dens","S2"
"1759",0.0142379243679958,"dens","S2"
"1760",0.00300739038388685,"dens","S2"
"1761",0.00245008033688079,"dens","S2"
"1762",0.0031995141715179,"dens","S2"
"1763",0.00769871372629543,"dens","S2"
"1764",0.00457984136686205,"dens","S2"
"1765",0.00522483269436655,"dens","S2"
"1766",0.000737981637061559,"dens","S2"
"1767",0.00585341832663834,"dens","S2"
"1768",0.00199676864593491,"dens","S2"
"1769",0.00108077047600085,"dens","S2"
"1770",0.0042238794408702,"dens","S2"
"1771",0.00157338308987745,"dens","S2"
"1772",0.00603339562950339,"dens","S2"
"1773",0.00634189826383218,"dens","S2"
"1774",0.00106645759672779,"dens","S2"
"1775",0.00650894503314384,"dens","S2"
"1776",0.00146067185760871,"dens","S2"
"1777",0.0132799532680438,"dens","S2"
"1778",0.000161389365877357,"dens","S2"
"1779",0.00566694103897708,"dens","S2"
"1780",0.00353990165515804,"dens","S2"
"1781",0.00754998094632222,"dens","S2"
"1782",0.00352788455304465,"dens","S2"
"1783",0.00885389739031113,"dens","S2"
"1784",0.00794918832499705,"dens","S2"
"1785",0.00359419278314573,"dens","S2"
"1786",0.00311994792204484,"dens","S2"
"1787",0.000111022443360868,"dens","S2"
"1788",0.0089494536317471,"dens","S2"
"1789",0.00396794270634248,"dens","S2"
"1790",0.000734552338858098,"dens","S2"
"1791",0.00720303916404312,"dens","S2"
"1792",0.0027376948881429,"dens","S2"
"1793",0.00680027246171791,"dens","S2"
"1794",0.00189654617951902,"dens","S2"
"1795",0.00695300972515223,"dens","S2"
"1796",0.00105250380607253,"dens","S2"
"1797",0.000461935817340634,"dens","S2"
"1798",0.00494289198534032,"dens","S2"
"1799",0.00373324299077946,"dens","S2"
"1800",0.00215530705874499,"dens","S2"
"1801",0.00260508387618494,"dens","S3"
"1802",0.00252580142449528,"dens","S3"
"1803",0.00875528134505466,"dens","S3"
"1804",0.0022048638761801,"dens","S3"
"1805",0.000257517856079006,"dens","S3"
"1806",0.00270435514897766,"dens","S3"
"1807",0.00454446225228201,"dens","S3"
"1808",0.00823607299427647,"dens","S3"
"1809",0.00124444749747544,"dens","S3"
"1810",0.00152994523707252,"dens","S3"
"1811",0.0017943486226319,"dens","S3"
"1812",0.000807298108980382,"dens","S3"
"1813",0.00642731626124205,"dens","S3"
"1814",0.00306848662137795,"dens","S3"
"1815",0.000842147832932259,"dens","S3"
"1816",0.00105739009632593,"dens","S3"
"1817",0.0149635978597315,"dens","S3"
"1818",0.000172201250375085,"dens","S3"
"1819",0.00276383715792616,"dens","S3"
"1820",0.00159373533141973,"dens","S3"
"1821",0.00352788215082881,"dens","S3"
"1822",0.00188116097071831,"dens","S3"
"1823",0.00102238097933155,"dens","S3"
"1824",0.00453278729850053,"dens","S3"
"1825",0.00278331999680907,"dens","S3"
"1826",0.00283912987694392,"dens","S3"
"1827",0.00460383305758151,"dens","S3"
"1828",0.000508665507114003,"dens","S3"
"1829",0.000731280559482071,"dens","S3"
"1830",0.00622104550518982,"dens","S3"
"1831",0.00419084119176098,"dens","S3"
"1832",0.00416797503539163,"dens","S3"
"1833",0.00475011197518475,"dens","S3"
"1834",0.000806027051148316,"dens","S3"
"1835",0.000276067007946866,"dens","S3"
"1836",0.00461592407720549,"dens","S3"
"1837",0.00155800020895633,"dens","S3"
"1838",0.00295114469127217,"dens","S3"
"1839",0.000412879259049845,"dens","S3"
"1840",0.00492614401261264,"dens","S3"
"1841",0.00275846142863814,"dens","S3"
"1842",0.00186407799821974,"dens","S3"
"1843",0.000275985418735029,"dens","S3"
"1844",0.000799511357081562,"dens","S3"
"1845",0.00596090656654892,"dens","S3"
"1846",0.00208001899291054,"dens","S3"
"1847",0.00573937396340094,"dens","S3"
"1848",0.00285524840147937,"dens","S3"
"1849",0.00152934126322815,"dens","S3"
"1850",0.00305862776264843,"dens","S3"
"1851",0.00289540144799281,"dens","S3"
"1852",0.00146911197297882,"dens","S3"
"1853",0.00702079310434308,"dens","S3"
"1854",0.00274615330727867,"dens","S3"
"1855",0.00466872464015483,"dens","S3"
"1856",0.00274068749467171,"dens","S3"
"1857",0.00211976819977563,"dens","S3"
"1858",0.00182012790173423,"dens","S3"
"1859",0.00947965320391944,"dens","S3"
"1860",0.00121267639662574,"dens","S3"
"1861",0.000317093855157084,"dens","S3"
"1862",0.00249766540064786,"dens","S3"
"1863",0.00435758322512439,"dens","S3"
"1864",0.00379042290127283,"dens","S3"
"1865",0.00268453563854208,"dens","S3"
"1866",0.00150475569646695,"dens","S3"
"1867",0.00437827135258886,"dens","S3"
"1868",0.000748713221276381,"dens","S3"
"1869",0.000418841448680904,"dens","S3"
"1870",0.0033106587068529,"dens","S3"
"1871",0.000103309395367012,"dens","S3"
"1872",0.00417098232486073,"dens","S3"
"1873",0.00381351256210305,"dens","S3"
"1874",0.00162787613832209,"dens","S3"
"1875",0.00367803339373461,"dens","S3"
"1876",0.000872137230810247,"dens","S3"
"1877",0.00916127233958116,"dens","S3"
"1878",0.000117045492958346,"dens","S3"
"1879",0.00440946262281257,"dens","S3"
"1880",0.00113771217943631,"dens","S3"
"1881",0.00298288941421257,"dens","S3"
"1882",0.00347232101799352,"dens","S3"
"1883",0.00621579113518077,"dens","S3"
"1884",0.00329447225558952,"dens","S3"
"1885",0.0036872321717958,"dens","S3"
"1886",0.00224212066959962,"dens","S3"
"1887",0.000420952034920029,"dens","S3"
"1888",0.00687229587588232,"dens","S3"
"1889",0.00271746790516538,"dens","S3"
"1890",0.000946777746300173,"dens","S3"
"1891",0.00504967413154923,"dens","S3"
"1892",0.00264391009233353,"dens","S3"
"1893",0.00478511098220378,"dens","S3"
"1894",0.00139927569453342,"dens","S3"
"1895",0.00403047053742085,"dens","S3"
"1896",0.00126645557046639,"dens","S3"
"1897",0.000414060833681354,"dens","S3"
"1898",0.00415989234323916,"dens","S3"
"1899",0.00408771303581668,"dens","S3"
"1900",0.000791225820479096,"dens","S3"
"1901",0.011552444789971,"dens","S4"
"1902",0.000885318086947615,"dens","S4"
"1903",0.0105705589374075,"dens","S4"
"1904",0.0118759566394398,"dens","S4"
"1905",0.000887665167732828,"dens","S4"
"1906",0.00239777387489054,"dens","S4"
"1907",0.00473580020259261,"dens","S4"
"1908",0.0186943307532332,"dens","S4"
"1909",0.00133485127400375,"dens","S4"
"1910",0.00146781532474155,"dens","S4"
"1911",0.00134817973446093,"dens","S4"
"1912",0.000435552815504377,"dens","S4"
"1913",0.0220759341948256,"dens","S4"
"1914",0.00317292546878578,"dens","S4"
"1915",0.00309095520284425,"dens","S4"
"1916",0.0030642952889261,"dens","S4"
"1917",0.0156173018602124,"dens","S4"
"1918",0.00317588405095896,"dens","S4"
"1919",0.0024740532901247,"dens","S4"
"1920",0.000417900056240887,"dens","S4"
"1921",0.0120458884921995,"dens","S4"
"1922",0.00577804650872213,"dens","S4"
"1923",0.00723017560136729,"dens","S4"
"1924",0.00608455042237856,"dens","S4"
"1925",0.0109017472135975,"dens","S4"
"1926",0.014517884880795,"dens","S4"
"1927",0.00588802468705726,"dens","S4"
"1928",0.00228478639548952,"dens","S4"
"1929",0.00333680922328384,"dens","S4"
"1930",0.0123234968901463,"dens","S4"
"1931",0.00376598288579028,"dens","S4"
"1932",0.00376017718408653,"dens","S4"
"1933",0.0166027964217782,"dens","S4"
"1934",0.00338817523766552,"dens","S4"
"1935",0.000293364170096585,"dens","S4"
"1936",0.0173907997650478,"dens","S4"
"1937",0.00383364138271858,"dens","S4"
"1938",0.00292966424129715,"dens","S4"
"1939",0.00280164997468382,"dens","S4"
"1940",0.0135866793575446,"dens","S4"
"1941",0.000972660304834445,"dens","S4"
"1942",0.00337759679264698,"dens","S4"
"1943",0.0055704274863132,"dens","S4"
"1944",0.00290284825594102,"dens","S4"
"1945",0.0164650141053418,"dens","S4"
"1946",0.000810824965619635,"dens","S4"
"1947",0.00774293160453572,"dens","S4"
"1948",0.0173856896486787,"dens","S4"
"1949",0.00600186019141606,"dens","S4"
"1950",0.00094156524488273,"dens","S4"
"1951",0.00334527010254104,"dens","S4"
"1952",0.00199259035695156,"dens","S4"
"1953",0.0166759505934853,"dens","S4"
"1954",0.00604405536118469,"dens","S4"
"1955",0.0116440239137967,"dens","S4"
"1956",0.0037092563493676,"dens","S4"
"1957",0.00372281063692106,"dens","S4"
"1958",0.00564692079336332,"dens","S4"
"1959",0.0237671194809386,"dens","S4"
"1960",0.00236227775238902,"dens","S4"
"1961",0.00474574356093953,"dens","S4"
"1962",0.00235756404741506,"dens","S4"
"1963",0.00363800096368929,"dens","S4"
"1964",0.00701129915662185,"dens","S4"
"1965",0.00751172973039137,"dens","S4"
"1966",0.000674342685143059,"dens","S4"
"1967",0.0227645065004921,"dens","S4"
"1968",0.00348069458115426,"dens","S4"
"1969",0.00543012150296837,"dens","S4"
"1970",0.00642077256750395,"dens","S4"
"1971",0.00885927666407385,"dens","S4"
"1972",0.0106332592906004,"dens","S4"
"1973",0.00373000163726343,"dens","S4"
"1974",0.000909684558947609,"dens","S4"
"1975",0.0146615286829837,"dens","S4"
"1976",0.000603015171744589,"dens","S4"
"1977",0.0164851024146858,"dens","S4"
"1978",7.21378169398491e-05,"dens","S4"
"1979",0.00535852795292202,"dens","S4"
"1980",0.00723732048683151,"dens","S4"
"1981",0.0106067604876585,"dens","S4"
"1982",0.00525604170038069,"dens","S4"
"1983",0.0182284114605154,"dens","S4"
"1984",0.00619208893436605,"dens","S4"
"1985",0.006929676818726,"dens","S4"
"1986",0.00294686278777338,"dens","S4"
"1987",0.00645628625556206,"dens","S4"
"1988",0.0178989244085273,"dens","S4"
"1989",0.00348260056276406,"dens","S4"
"1990",0.00121275695239968,"dens","S4"
"1991",0.0050343908305479,"dens","S4"
"1992",0.00521784865422329,"dens","S4"
"1993",0.00879243012970463,"dens","S4"
"1994",0.000623344622211207,"dens","S4"
"1995",0.0133568199002142,"dens","S4"
"1996",0.00207339751890109,"dens","S4"
"1997",0.00189014548270143,"dens","S4"
"1998",0.00814617138617709,"dens","S4"
"1999",0.00209821415530646,"dens","S4"
"2000",0.00107432110267896,"dens","S4"
